"Order ID",Date,Region,Product,Quantity,"Unit Price","Total Sale",Month
10107,"2003-02-24 00:00:00",NYC,S10_1678,30,95.7,2871,2003-02
10121,"2003-02-25 00:00:00",Reims,S10_1678,34,81.35,2765.9,2003-05
10134,"2003-02-26 00:00:00",Paris,S10_1678,41,94.74,3884.34,2003-07
10145,"2003-02-27 00:00:00",Pasadena,S10_1678,45,83.26,3746.7,2003-08
10159,"2003-02-28 00:00:00","San Francisco",S10_1678,49,100,5205.27,2003-10
10168,"2003-03-01 00:00:00",Burlingame,S10_1678,36,96.66,3479.76,2003-10
10180,"2003-03-02 00:00:00",Lille,S10_1678,29,86.13,2497.77,2003-11
10188,"2003-03-03 00:00:00",Bergen,S10_1678,48,100,5512.32,2003-11
10201,"2003-03-04 00:00:00","San Francisco",S10_1678,22,98.57,2168.54,2003-12
10211,"2003-03-05 00:00:00",Paris,S10_1678,41,100,4708.44,2004-01
10223,"2003-03-06 00:00:00",Melbourne,S10_1678,37,100,3965.66,2004-02
10237,"2003-03-07 00:00:00",NYC,S10_1678,23,100,2333.12,2004-04
10251,"2003-03-08 00:00:00",Newark,S10_1678,28,100,3188.64,2004-05
10263,"2003-03-09 00:00:00",Bridgewater,S10_1678,34,100,3676.76,2004-06
10275,"2003-03-10 00:00:00",Nantes,S10_1678,45,92.83,4177.35,2004-07
10285,"2003-03-11 00:00:00",Cambridge,S10_1678,36,100,4099.68,2004-08
10299,"2003-03-12 00:00:00",Helsinki,S10_1678,23,100,2597.39,2004-09
10309,"2003-03-13 00:00:00",Stavern,S10_1678,41,100,4394.38,2004-10
10318,"2003-03-14 00:00:00",Allentown,S10_1678,46,94.74,4358.04,2004-11
10329,"2003-03-15 00:00:00",NYC,S10_1678,42,100,4396.14,2004-11
10341,"2003-03-16 00:00:00",Salzburg,S10_1678,41,100,7737.93,2004-11
10361,"2003-03-17 00:00:00",Chatswood,S10_1678,20,72.55,1451,2004-12
10375,"2003-03-18 00:00:00",Nantes,S10_1678,21,34.91,733.11,2005-02
10388,"2003-03-19 00:00:00","New Bedford",S10_1678,42,76.36,3207.12,2005-03
10403,"2003-03-20 00:00:00",Liverpool,S10_1678,24,100,2434.56,2005-04
10417,"2003-03-21 00:00:00",Madrid,S10_1678,66,100,7516.08,2005-05
10103,"2003-03-22 00:00:00",Stavern,S10_1949,26,100,5404.62,2003-01
10112,"2003-03-23 00:00:00",Lule,S10_1949,29,100,7209.11,2003-03
10126,"2003-03-24 00:00:00",Madrid,S10_1949,38,100,7329.06,2003-05
10140,"2003-03-25 00:00:00",Burlingame,S10_1949,37,100,7374.1,2003-07
10150,"2003-03-26 00:00:00",Singapore,S10_1949,45,100,10993.5,2003-09
10163,"2003-03-27 00:00:00",NYC,S10_1949,21,100,4860.24,2003-10
10174,"2003-03-28 00:00:00","South Brisbane",S10_1949,34,100,8014.82,2003-11
10183,"2003-03-29 00:00:00",Philadelphia,S10_1949,23,100,5372.57,2003-11
10194,"2003-03-30 00:00:00",Lyon,S10_1949,42,100,7290.36,2003-11
10206,"2003-03-31 00:00:00",Vancouver,S10_1949,47,100,9064.89,2003-12
10215,"2003-04-01 00:00:00",Burbank,S10_1949,35,100,6075.3,2004-01
10228,"2003-04-02 00:00:00",Cambridge,S10_1949,29,100,6463.23,2004-03
10245,"2003-04-03 00:00:00","New Haven",S10_1949,34,100,6120.34,2004-05
10258,"2003-04-04 00:00:00",Minato-ku,S10_1949,32,100,7680.64,2004-06
10270,"2003-04-05 00:00:00",Chatswood,S10_1949,21,100,4905.39,2004-07
10280,"2003-04-06 00:00:00",Torino,S10_1949,34,100,8014.82,2004-08
10291,"2003-04-07 00:00:00",Boras,S10_1949,37,100,7136.19,2004-09
10304,"2003-04-08 00:00:00",Versailles,S10_1949,47,100,10172.7,2004-10
10312,"2003-04-09 00:00:00","San Rafael",S10_1949,48,100,11623.7,2004-10
10322,"2003-04-10 00:00:00",Nashua,S10_1949,40,100,6000.4,2004-11
10333,"2003-04-11 00:00:00","San Francisco",S10_1949,26,100,3003,2004-11
10347,"2003-04-12 00:00:00",Melbourne,S10_1949,30,100,3944.7,2004-11
10357,"2003-04-13 00:00:00","San Rafael",S10_1949,32,100,5691.84,2004-12
10369,"2003-04-14 00:00:00",Brickhaven,S10_1949,41,100,4514.92,2005-01
10381,"2003-04-15 00:00:00","San Francisco",S10_1949,36,100,8254.8,2005-02
10391,"2003-04-16 00:00:00","North Sydney",S10_1949,24,100,2416.56,2005-03
10411,"2003-04-17 00:00:00",Montreal,S10_1949,23,100,4140.23,2005-05
10424,"2003-04-18 00:00:00",Madrid,S10_1949,50,100,12001,2005-05
10107,"2003-04-19 00:00:00",NYC,S10_2016,39,99.91,3896.49,2003-02
10120,"2003-04-20 00:00:00",Melbourne,S10_2016,29,96.34,2793.86,2003-04
10134,"2003-04-21 00:00:00",Paris,S10_2016,27,100,3307.77,2003-07
10145,"2003-04-22 00:00:00",Pasadena,S10_2016,37,100,5192.95,2003-08
10159,"2003-04-23 00:00:00","San Francisco",S10_2016,37,100,5016.83,2003-10
10168,"2003-04-24 00:00:00",Burlingame,S10_2016,27,100,3660.93,2003-10
10180,"2003-04-25 00:00:00",Lille,S10_2016,42,100,4695.6,2003-11
10188,"2003-04-26 00:00:00",Bergen,S10_2016,38,96.34,3660.92,2003-11
10201,"2003-04-27 00:00:00","San Francisco",S10_2016,24,100,3025.92,2003-12
10210,"2003-04-28 00:00:00",Osaka,S10_2016,23,100,3009.09,2004-01
10223,"2003-04-29 00:00:00",Melbourne,S10_2016,47,100,5422.39,2004-02
10236,"2003-04-30 00:00:00",Philadelphia,S10_2016,22,100,2852.08,2004-04
10251,"2003-05-01 00:00:00",Newark,S10_2016,44,100,5756.52,2004-05
10263,"2003-05-02 00:00:00",Bridgewater,S10_2016,40,100,4472,2004-06
10275,"2003-05-03 00:00:00",Nantes,S10_2016,22,100,2904.44,2004-07
10285,"2003-05-04 00:00:00",Cambridge,S10_2016,47,100,6484.59,2004-08
10298,"2003-05-05 00:00:00",Nantes,S10_2016,39,96.34,3757.26,2004-09
10308,"2003-05-06 00:00:00","White Plains",S10_2016,34,100,4043.96,2004-10
10318,"2003-05-07 00:00:00",Allentown,S10_2016,45,100,5566.5,2004-11
10329,"2003-05-08 00:00:00",NYC,S10_2016,20,100,3176,2004-11
10339,"2003-05-09 00:00:00",Minato-ku,S10_2016,40,68.92,2756.8,2004-11
10361,"2003-05-10 00:00:00",Chatswood,S10_2016,26,51.15,1329.9,2004-12
10374,"2003-05-11 00:00:00","South Brisbane",S10_2016,39,100,5288.01,2005-02
10388,"2003-05-12 00:00:00","New Bedford",S10_2016,50,44.51,2225.5,2005-03
10402,"2003-05-13 00:00:00",Paris,S10_2016,45,100,5833.8,2005-04
10417,"2003-05-14 00:00:00",Madrid,S10_2016,45,100,5887.35,2005-05
10107,"2003-05-15 00:00:00",NYC,S10_4698,27,100,6065.55,2003-02
10120,"2003-05-16 00:00:00",Melbourne,S10_4698,46,100,9264.86,2003-04
10134,"2003-05-17 00:00:00",Paris,S10_4698,31,100,7023.98,2003-07
10145,"2003-05-18 00:00:00",Pasadena,S10_4698,33,100,5176.38,2003-08
10159,"2003-05-19 00:00:00","San Francisco",S10_4698,22,100,4132.7,2003-10
10168,"2003-05-20 00:00:00",Burlingame,S10_4698,20,100,4183,2003-10
10180,"2003-05-21 00:00:00",Lille,S10_4698,41,100,8892.9,2003-11
10188,"2003-05-22 00:00:00",Bergen,S10_4698,45,100,8714.7,2003-11
10201,"2003-05-23 00:00:00","San Francisco",S10_4698,49,100,8065.89,2003-12
10210,"2003-05-24 00:00:00",Osaka,S10_4698,34,100,6123.4,2004-01
10223,"2003-05-25 00:00:00",Melbourne,S10_4698,49,100,9774.03,2004-02
10237,"2003-05-26 00:00:00",NYC,S10_4698,39,100,7023.9,2004-04
10251,"2003-05-27 00:00:00",Newark,S10_4698,43,100,7078.23,2004-05
10263,"2003-05-28 00:00:00",Bridgewater,S10_4698,41,100,8336.94,2004-06
10275,"2003-05-29 00:00:00",Nantes,S10_4698,36,100,6901.92,2004-07
10285,"2003-05-30 00:00:00",Cambridge,S10_4698,27,100,5438.07,2004-08
10299,"2003-05-31 00:00:00",Helsinki,S10_4698,29,100,6683.34,2004-09
10308,"2003-06-01 00:00:00","White Plains",S10_4698,20,100,4570.4,2004-10
10318,"2003-06-02 00:00:00",Allentown,S10_4698,37,100,7667.14,2004-11
10329,"2003-06-03 00:00:00",NYC,S10_4698,26,100,5868.2,2004-11
10339,"2003-06-04 00:00:00",Minato-ku,S10_4698,39,76.67,2990.13,2004-11
10362,"2003-06-05 00:00:00",Burlingame,S10_4698,22,100,3664.1,2005-01
10374,"2003-06-06 00:00:00","South Brisbane",S10_4698,22,100,3834.38,2005-02
10388,"2003-06-07 00:00:00","New Bedford",S10_4698,21,86.77,1822.17,2005-03
10403,"2003-06-08 00:00:00",Liverpool,S10_4698,66,100,11886.6,2005-04
10417,"2003-06-09 00:00:00",Madrid,S10_4698,56,100,9218.16,2005-05
10105,"2003-06-10 00:00:00",Kobenhavn,S10_4757,50,100,7208,2003-02
10119,"2003-06-11 00:00:00",Salzburg,S10_4757,46,100,5004.8,2003-04
10129,"2003-06-12 00:00:00",London,S10_4757,33,100,4398.24,2003-06
10143,"2003-06-13 00:00:00","New Bedford",S10_4757,49,100,5597.76,2003-08
10155,"2003-06-14 00:00:00",Helsinki,S10_4757,32,100,4526.08,2003-10
10167,"2003-06-15 00:00:00",Boras,S10_4757,44,100,5924.16,2003-10
10178,"2003-06-16 00:00:00",Toulouse,S10_4757,24,100,3492.48,2003-11
10186,"2003-06-17 00:00:00",London,S10_4757,26,100,3854.24,2003-11
10197,"2003-06-18 00:00:00",Barcelona,S10_4757,45,100,5324.4,2003-11
10209,"2003-06-19 00:00:00","Los Angeles",S10_4757,39,100,5197.92,2004-01
10222,"2003-06-20 00:00:00","San Diego",S10_4757,49,100,5997.6,2004-02
10248,"2003-06-21 00:00:00",NYC,S10_4757,20,100,2910.4,2004-05
10261,"2003-06-22 00:00:00",Montreal,S10_4757,27,100,3378.24,2004-06
10273,"2003-06-23 00:00:00",Bruxelles,S10_4757,30,100,3508.8,2004-07
10283,"2003-06-24 00:00:00",Tsawassen,S10_4757,25,100,2992,2004-08
10295,"2003-06-25 00:00:00",Boston,S10_4757,24,100,3427.2,2004-09
10307,"2003-06-26 00:00:00",Philadelphia,S10_4757,22,100,2692.8,2004-10
10316,"2003-06-27 00:00:00",Cowes,S10_4757,33,100,4128.96,2004-11
10325,"2003-06-28 00:00:00",Stavern,S10_4757,47,64.93,3051.71,2004-11
10337,"2003-06-29 00:00:00",NYC,S10_4757,25,48.05,1201.25,2004-11
10350,"2003-06-30 00:00:00",Madrid,S10_4757,26,75.47,1962.22,2004-12
10359,"2003-07-01 00:00:00",Reims,S10_4757,48,54.68,2624.64,2004-12
10373,"2003-07-02 00:00:00",Oulu,S10_4757,39,100,4046.25,2005-01
10384,"2003-07-03 00:00:00","San Francisco",S10_4757,34,100,4846.7,2005-02
10395,"2003-07-04 00:00:00",Paris,S10_4757,32,100,3370.56,2005-03
10400,"2003-07-05 00:00:00","San Jose",S10_4757,64,100,9661.44,2005-04
10414,"2003-07-06 00:00:00",Boston,S10_4757,19,100,2764.88,2005-05
10103,"2003-07-07 00:00:00",Stavern,S10_4962,42,100,5398.26,2003-01
10114,"2003-07-08 00:00:00",Paris,S10_4962,31,100,4305.28,2003-04
10126,"2003-07-09 00:00:00",Madrid,S10_4962,22,100,3347.74,2003-05
10140,"2003-07-10 00:00:00",Burlingame,S10_4962,26,100,3188.12,2003-07
10150,"2003-07-11 00:00:00",Singapore,S10_4962,20,100,3191.2,2003-09
10164,"2003-07-12 00:00:00",Graz,S10_4962,21,100,3536.82,2003-10
10175,"2003-07-13 00:00:00",London,S10_4962,33,100,5362.83,2003-11
10183,"2003-07-14 00:00:00",Philadelphia,S10_4962,28,100,3433.36,2003-11
10194,"2003-07-15 00:00:00",Lyon,S10_4962,26,100,4263.74,2003-11
10207,"2003-07-16 00:00:00",Boston,S10_4962,31,100,4076.19,2003-12
10217,"2003-07-17 00:00:00",Singapore,S10_4962,48,100,7020.48,2004-02
10229,"2003-07-18 00:00:00","San Rafael",S10_4962,50,100,6426.5,2004-03
10245,"2003-07-19 00:00:00","New Haven",S10_4962,28,100,4591.72,2004-05
10259,"2003-07-20 00:00:00",Singapore,S10_4962,26,100,4033.38,2004-06
10270,"2003-07-21 00:00:00",Chatswood,S10_4962,32,100,4302.08,2004-07
10281,"2003-07-22 00:00:00",Allentown,S10_4962,44,100,7020.64,2004-08
10291,"2003-07-23 00:00:00",Boras,S10_4962,30,100,3855.9,2004-09
10305,"2003-07-24 00:00:00",Cambridge,S10_4962,38,100,6680.78,2004-10
10313,"2003-07-25 00:00:00",Vancouver,S10_4962,40,100,6678,2004-10
10322,"2003-07-26 00:00:00",Nashua,S10_4962,46,61.99,2851.54,2004-11
10334,"2003-07-27 00:00:00",Lule,S10_4962,26,100,3188.12,2004-11
10347,"2003-07-28 00:00:00",Melbourne,S10_4962,27,100,4428,2004-11
10357,"2003-07-29 00:00:00","San Rafael",S10_4962,43,100,5780.92,2004-12
10370,"2003-07-30 00:00:00","North Sydney",S10_4962,35,65.63,2297.05,2005-01
10381,"2003-07-31 00:00:00","San Francisco",S10_4962,37,100,6231.54,2005-02
10391,"2003-08-01 00:00:00","North Sydney",S10_4962,37,46.9,1735.3,2005-03
10411,"2003-08-02 00:00:00",Montreal,S10_4962,27,100,4427.73,2005-05
10425,"2003-08-03 00:00:00",Nantes,S10_4962,38,100,5894.94,2005-05
10108,"2003-08-04 00:00:00","Makati City",S12_1099,33,100,5265.15,2003-03
10122,"2003-08-05 00:00:00",Marseille,S12_1099,42,100,7599.9,2003-05
10135,"2003-08-06 00:00:00","San Rafael",S12_1099,42,100,8008.56,2003-07
10147,"2003-08-07 00:00:00",Brickhaven,S12_1099,48,100,9245.76,2003-09
10159,"2003-08-08 00:00:00","San Francisco",S12_1099,41,100,8296.35,2003-10
10169,"2003-08-09 00:00:00","North Sydney",S12_1099,30,100,5019.9,2003-11
10181,"2003-08-10 00:00:00",Bergen,S12_1099,27,100,5411.07,2003-11
10191,"2003-08-11 00:00:00",Koln,S12_1099,21,100,3840.9,2003-11
10203,"2003-08-12 00:00:00",Madrid,S12_1099,20,100,3930.4,2003-12
10211,"2003-08-13 00:00:00",Paris,S12_1099,41,100,7498.9,2004-01
10225,"2003-08-14 00:00:00",Gensve,S12_1099,27,100,4517.91,2004-02
10238,"2003-08-15 00:00:00",Kobenhavn,S12_1099,28,100,5774.72,2004-04
10253,"2003-08-16 00:00:00",Liverpool,S12_1099,24,100,3922.56,2004-06
10266,"2003-08-17 00:00:00","Reggio Emilia",S12_1099,44,100,9160.36,2004-07
10276,"2003-08-18 00:00:00",Brickhaven,S12_1099,50,100,9631,2004-08
10287,"2003-08-19 00:00:00",Gensve,S12_1099,21,100,3432.24,2004-08
10300,"2003-08-20 00:00:00",Frankfurt,S12_1099,33,100,5521.89,2003-10
10310,"2003-08-21 00:00:00",Koln,S12_1099,33,100,6934.62,2004-10
10320,"2003-08-22 00:00:00",Lule,S12_1099,31,100,6876.11,2004-11
10329,"2003-08-23 00:00:00",NYC,S12_1099,41,71.47,2930.27,2004-11
10341,"2003-08-24 00:00:00",Salzburg,S12_1099,45,79.65,3584.25,2004-11
10363,"2003-08-25 00:00:00",Espoo,S12_1099,33,85.39,2817.87,2005-01
10375,"2003-08-26 00:00:00",Nantes,S12_1099,45,76,3420,2005-02
10389,"2003-08-27 00:00:00",Boras,S12_1099,26,99.04,2575.04,2005-03
10419,"2003-08-28 00:00:00",Salzburg,S12_1099,12,100,1961.28,2005-05
10105,"2003-08-29 00:00:00",Kobenhavn,S12_1108,41,100,8690.36,2003-02
10117,"2003-08-30 00:00:00",Singapore,S12_1108,33,100,6034.38,2003-04
10127,"2003-08-31 00:00:00",NYC,S12_1108,46,100,11279.2,2003-06
10142,"2003-09-01 00:00:00","San Rafael",S12_1108,33,100,8023.29,2003-08
10153,"2003-09-02 00:00:00",Madrid,S12_1108,20,100,4904,2003-09
10165,"2003-09-03 00:00:00",Singapore,S12_1108,44,100,8594.52,2003-10
10176,"2003-09-04 00:00:00","Reggio Emilia",S12_1108,33,100,7474.5,2003-11
10185,"2003-09-05 00:00:00","New Bedford",S12_1108,21,100,3883.74,2003-11
10196,"2003-09-06 00:00:00","New Haven",S12_1108,47,100,8887.7,2003-11
10208,"2003-09-07 00:00:00",Lyon,S12_1108,46,100,8602.92,2004-01
10220,"2003-09-08 00:00:00",Dublin,S12_1108,32,100,7181.44,2004-02
10231,"2003-09-09 00:00:00",Madrid,S12_1108,42,100,8378.58,2004-03
10247,"2003-09-10 00:00:00",Espoo,S12_1108,44,100,10606.2,2004-05
10272,"2003-09-11 00:00:00",Allentown,S12_1108,35,100,5818.4,2004-07
10282,"2003-09-12 00:00:00","San Rafael",S12_1108,41,100,7071.27,2004-08
10293,"2003-09-13 00:00:00",Torino,S12_1108,46,100,8411.56,2004-09
10306,"2003-09-14 00:00:00",Manchester,S12_1108,31,100,6570.76,2004-10
10314,"2003-09-15 00:00:00",Aaarhus,S12_1108,38,100,7975.44,2004-10
10325,"2003-09-16 00:00:00",Stavern,S12_1108,42,64,2688,2004-11
10336,"2003-09-17 00:00:00",Paris,S12_1108,33,57.22,1888.26,2004-11
10348,"2003-09-18 00:00:00",Madrid,S12_1108,48,52.36,2513.28,2004-11
10359,"2003-09-19 00:00:00",Reims,S12_1108,42,100,4764.48,2004-12
10371,"2003-09-20 00:00:00","San Rafael",S12_1108,32,100,3560.64,2005-01
10382,"2003-09-21 00:00:00","San Rafael",S12_1108,34,100,3823.64,2005-02
10395,"2003-09-22 00:00:00",Paris,S12_1108,33,69.12,2280.96,2005-03
10413,"2003-09-23 00:00:00",Bridgewater,S12_1108,36,100,8677.8,2005-05
10103,"2003-09-24 00:00:00",Stavern,S12_1666,27,100,3394.98,2003-01
10113,"2003-09-25 00:00:00","San Rafael",S12_1666,21,100,3415.44,2003-03
10126,"2003-09-26 00:00:00",Madrid,S12_1666,21,100,2439.57,2003-05
10140,"2003-09-27 00:00:00",Burlingame,S12_1666,38,100,4829.8,2003-07
10150,"2003-09-28 00:00:00",Singapore,S12_1666,30,100,4100.1,2003-09
10164,"2003-09-29 00:00:00",Graz,S12_1666,49,100,6563.06,2003-10
10174,"2003-09-30 00:00:00","South Brisbane",S12_1666,43,100,6817.22,2003-11
10183,"2003-10-01 00:00:00",Philadelphia,S12_1666,41,100,6163.94,2003-11
10194,"2003-10-02 00:00:00",Lyon,S12_1666,38,100,4933.92,2003-11
10206,"2003-10-03 00:00:00",Vancouver,S12_1666,28,100,4056.36,2003-12
10216,"2003-10-04 00:00:00",Versailles,S12_1666,43,100,5759.42,2004-02
10229,"2003-10-05 00:00:00","San Rafael",S12_1666,25,100,3451,2004-03
10245,"2003-10-06 00:00:00","New Haven",S12_1666,38,100,5920.4,2004-05
10258,"2003-10-07 00:00:00",Minato-ku,S12_1666,41,100,6668.24,2004-06
10270,"2003-10-08 00:00:00",Chatswood,S12_1666,28,100,4094.72,2004-07
10281,"2003-10-09 00:00:00",Allentown,S12_1666,25,100,2938.5,2004-08
10291,"2003-10-10 00:00:00",Boras,S12_1666,41,100,6387.8,2004-09
10304,"2003-10-11 00:00:00",Versailles,S12_1666,39,100,6396,2004-10
10313,"2003-10-12 00:00:00",Vancouver,S12_1666,21,100,2669.1,2004-10
10322,"2003-10-13 00:00:00",Nashua,S12_1666,27,100,4784.13,2004-11
10333,"2003-10-14 00:00:00","San Francisco",S12_1666,33,99.21,3273.93,2004-11
10347,"2003-10-15 00:00:00",Melbourne,S12_1666,29,100,3586.43,2004-11
10357,"2003-10-16 00:00:00","San Rafael",S12_1666,49,100,5960.36,2004-12
10370,"2003-10-17 00:00:00","North Sydney",S12_1666,49,100,8470.14,2005-01
10381,"2003-10-18 00:00:00","San Francisco",S12_1666,20,100,2952,2005-02
10391,"2003-10-19 00:00:00","North Sydney",S12_1666,39,63.2,2464.8,2005-03
10411,"2003-10-20 00:00:00",Montreal,S12_1666,40,100,6232,2005-05
10424,"2003-10-21 00:00:00",Madrid,S12_1666,49,100,7969.36,2005-05
10107,"2003-10-22 00:00:00",NYC,S12_2823,21,100,3036.6,2003-02
10121,"2003-10-23 00:00:00",Reims,S12_2823,50,100,8284,2003-05
10134,"2003-10-24 00:00:00",Paris,S12_2823,20,100,2711.2,2003-07
10145,"2003-10-25 00:00:00",Pasadena,S12_2823,49,100,8339.8,2003-08
10159,"2003-10-26 00:00:00","San Francisco",S12_2823,38,100,6238.84,2003-10
10169,"2003-10-27 00:00:00","North Sydney",S12_2823,35,100,4639.25,2003-11
10180,"2003-10-28 00:00:00",Lille,S12_2823,40,100,6747.6,2003-11
10189,"2003-10-29 00:00:00",Pasadena,S12_2823,28,100,4512.48,2003-11
10201,"2003-10-30 00:00:00","San Francisco",S12_2823,25,100,4029,2003-12
10211,"2003-10-31 00:00:00",Paris,S12_2823,36,100,4771.8,2004-01
10224,"2003-11-01 00:00:00",Lille,S12_2823,43,100,6087.94,2004-02
10237,"2003-11-02 00:00:00",NYC,S12_2823,32,100,4193.28,2004-04
10251,"2003-11-03 00:00:00",Newark,S12_2823,46,100,7552.28,2004-05
10263,"2003-11-04 00:00:00",Bridgewater,S12_2823,48,100,6434.4,2004-06
10276,"2003-11-05 00:00:00",Brickhaven,S12_2823,43,100,5181.5,2004-08
10285,"2003-11-06 00:00:00",Cambridge,S12_2823,49,100,6863.92,2004-08
10299,"2003-11-07 00:00:00",Helsinki,S12_2823,24,100,4157.04,2004-09
10309,"2003-11-08 00:00:00",Stavern,S12_2823,26,100,4660.24,2004-10
10319,"2003-11-09 00:00:00",NYC,S12_2823,30,100,4111.8,2004-11
10329,"2003-11-10 00:00:00",NYC,S12_2823,24,100,3542.64,2004-11
10341,"2003-11-11 00:00:00",Salzburg,S12_2823,55,100,8118.55,2004-11
10362,"2003-11-12 00:00:00",Burlingame,S12_2823,22,100,3877.06,2005-01
10375,"2003-11-13 00:00:00",Nantes,S12_2823,49,78.92,3867.08,2005-02
10388,"2003-11-14 00:00:00","New Bedford",S12_2823,44,100,5951.44,2005-03
10403,"2003-11-15 00:00:00",Liverpool,S12_2823,66,100,8648.64,2005-04
10417,"2003-11-16 00:00:00",Madrid,S12_2823,21,100,3447.78,2005-05
10104,"2003-11-17 00:00:00",Madrid,S12_3148,34,100,5958.5,2003-01
10117,"2003-11-18 00:00:00",Singapore,S12_3148,43,100,5911.64,2003-04
10127,"2003-11-19 00:00:00",NYC,S12_3148,46,100,7366.44,2003-06
10142,"2003-11-20 00:00:00","San Rafael",S12_3148,33,100,4985.64,2003-08
10153,"2003-11-21 00:00:00",Madrid,S12_3148,42,100,5393.64,2003-09
10165,"2003-11-22 00:00:00",Singapore,S12_3148,34,100,4880.02,2003-10
10176,"2003-11-23 00:00:00","Reggio Emilia",S12_3148,47,100,8378.69,2003-11
10185,"2003-11-24 00:00:00","New Bedford",S12_3148,33,100,4038.21,2003-11
10196,"2003-11-25 00:00:00","New Haven",S12_3148,24,100,3807.12,2003-11
10208,"2003-11-26 00:00:00",Lyon,S12_3148,26,100,3142.36,2004-01
10220,"2003-11-27 00:00:00",Dublin,S12_3148,30,100,4713.6,2004-02
10230,"2003-11-28 00:00:00",Frankfurt,S12_3148,43,100,7016.31,2004-03
10247,"2003-11-29 00:00:00",Espoo,S12_3148,25,100,4381.25,2004-05
10272,"2003-11-30 00:00:00",Allentown,S12_3148,27,100,4283.01,2004-07
10282,"2003-12-01 00:00:00","San Rafael",S12_3148,27,100,4364.82,2004-08
10293,"2003-12-02 00:00:00",Torino,S12_3148,24,100,4242.24,2004-09
10306,"2003-12-03 00:00:00",Manchester,S12_3148,34,100,4982.7,2004-10
10314,"2003-12-04 00:00:00",Aaarhus,S12_3148,46,100,6393.54,2004-10
10324,"2003-12-05 00:00:00",NYC,S12_3148,27,54.33,1466.91,2004-11
10336,"2003-12-06 00:00:00",Paris,S12_3148,33,100,4059.33,2004-11
10348,"2003-12-07 00:00:00",Madrid,S12_3148,47,100,4801.52,2004-11
10358,"2003-12-08 00:00:00",Madrid,S12_3148,49,55.34,2711.66,2004-12
10372,"2003-12-09 00:00:00",Minato-ku,S12_3148,40,100,5862,2005-01
10382,"2003-12-10 00:00:00","San Rafael",S12_3148,37,100,4071.85,2005-02
10413,"2003-12-11 00:00:00",Bridgewater,S12_3148,47,100,8236.75,2005-05
10108,"2003-12-12 00:00:00","Makati City",S12_3380,45,100,6130.35,2003-03
10122,"2003-12-13 00:00:00",Marseille,S12_3380,37,99.82,3693.34,2003-05
10135,"2003-12-14 00:00:00","San Rafael",S12_3380,48,100,6031.68,2003-07
10147,"2003-12-15 00:00:00",Brickhaven,S12_3380,31,100,3494.94,2003-09
10160,"2003-12-16 00:00:00","Los Angeles",S12_3380,46,100,5294.14,2003-10
10170,"2003-12-17 00:00:00",Graz,S12_3380,47,100,5464.69,2003-11
10181,"2003-12-18 00:00:00",Bergen,S12_3380,28,100,2860.76,2003-11
10191,"2003-12-19 00:00:00",Koln,S12_3380,40,100,5590,2003-11
10203,"2003-12-20 00:00:00",Madrid,S12_3380,20,100,2254.8,2003-12
10212,"2003-12-21 00:00:00",Madrid,S12_3380,39,100,4946.76,2004-01
10225,"2003-12-22 00:00:00",Gensve,S12_3380,25,99.82,2495.5,2004-02
10238,"2003-12-23 00:00:00",Kobenhavn,S12_3380,29,100,3167.38,2004-04
10253,"2003-12-24 00:00:00",Liverpool,S12_3380,22,100,2402.84,2004-06
10266,"2003-12-25 00:00:00","Reggio Emilia",S12_3380,22,100,2454.54,2004-07
10276,"2003-12-26 00:00:00",Brickhaven,S12_3380,47,100,5464.69,2004-08
10287,"2003-12-27 00:00:00",Gensve,S12_3380,45,100,4756.5,2004-08
10300,"2003-12-28 00:00:00",Frankfurt,S12_3380,29,100,3984.6,2003-10
10310,"2003-12-29 00:00:00",Koln,S12_3380,24,100,3100.32,2004-10
10320,"2003-12-30 00:00:00",Lule,S12_3380,35,100,4850.3,2004-11
10329,"2003-12-31 00:00:00",NYC,S12_3380,46,83.63,3846.98,2004-11
10341,"2004-01-01 00:00:00",Salzburg,S12_3380,44,95.93,4220.92,2004-11
10363,"2004-01-02 00:00:00",Espoo,S12_3380,34,96.73,3288.82,2005-01
10376,"2004-01-03 00:00:00",Glendale,S12_3380,35,100,3987.2,2005-02
10389,"2004-01-04 00:00:00",Boras,S12_3380,25,72.38,1809.5,2005-03
10419,"2004-01-05 00:00:00",Salzburg,S12_3380,10,100,1092.2,2005-05
10105,"2004-01-06 00:00:00",Kobenhavn,S12_3891,29,100,4566.05,2003-02
10117,"2004-01-07 00:00:00",Singapore,S12_3891,39,100,5938.14,2003-04
10127,"2004-01-08 00:00:00",NYC,S12_3891,42,100,8138.76,2003-06
10142,"2004-01-09 00:00:00","San Rafael",S12_3891,46,100,9470.94,2003-08
10153,"2004-01-10 00:00:00",Madrid,S12_3891,49,100,7036.89,2003-09
10165,"2004-01-11 00:00:00",Singapore,S12_3891,27,100,5559.03,2003-10
10176,"2004-01-12 00:00:00","Reggio Emilia",S12_3891,50,100,7872.5,2003-11
10185,"2004-01-13 00:00:00","New Bedford",S12_3891,43,100,7886.2,2003-11
10196,"2004-01-14 00:00:00","New Haven",S12_3891,38,100,7232.16,2003-11
10208,"2004-01-15 00:00:00",Lyon,S12_3891,20,100,3114.4,2004-01
10220,"2004-01-16 00:00:00",Dublin,S12_3891,27,100,5045.22,2004-02
10231,"2004-01-17 00:00:00",Madrid,S12_3891,49,100,6952.12,2004-03
10247,"2004-01-18 00:00:00",Espoo,S12_3891,27,100,4157.73,2004-05
10272,"2004-01-19 00:00:00",Allentown,S12_3891,39,100,7962.24,2004-07
10282,"2004-01-20 00:00:00","San Rafael",S12_3891,24,100,3778.8,2004-08
10293,"2004-01-21 00:00:00",Torino,S12_3891,45,100,8253,2004-09
10306,"2004-01-22 00:00:00",Manchester,S12_3891,20,100,3633.4,2004-10
10314,"2004-01-23 00:00:00",Aaarhus,S12_3891,36,100,6913.8,2004-10
10325,"2004-01-24 00:00:00",Stavern,S12_3891,24,100,2583.6,2004-11
10336,"2004-01-25 00:00:00",Paris,S12_3891,49,63.38,3105.62,2004-11
10349,"2004-01-26 00:00:00",NYC,S12_3891,26,100,4408.56,2004-12
10359,"2004-01-27 00:00:00",Reims,S12_3891,49,62.09,3042.41,2004-12
10372,"2004-01-28 00:00:00",Minato-ku,S12_3891,34,100,5941.5,2005-01
10382,"2004-01-29 00:00:00","San Rafael",S12_3891,34,95.35,3241.9,2005-02
10396,"2004-01-30 00:00:00","San Rafael",S12_3891,33,100,6109.29,2005-03
10413,"2004-01-31 00:00:00",Bridgewater,S12_3891,22,100,3387.78,2005-05
10108,"2004-02-01 00:00:00","Makati City",S12_3990,39,89.38,3485.82,2003-03
10122,"2004-02-02 00:00:00",Marseille,S12_3990,32,63.84,2042.88,2003-05
10135,"2004-02-03 00:00:00","San Rafael",S12_3990,24,75.01,1800.24,2003-07
10147,"2004-02-04 00:00:00",Brickhaven,S12_3990,21,63.84,1340.64,2003-09
10159,"2004-02-05 00:00:00","San Francisco",S12_3990,24,73.42,1762.08,2003-10
10169,"2004-02-06 00:00:00","North Sydney",S12_3990,36,63.84,2298.24,2003-11
10181,"2004-02-07 00:00:00",Bergen,S12_3990,20,81.4,1628,2003-11
10191,"2004-02-08 00:00:00",Koln,S12_3990,30,64.64,1939.2,2003-11
10203,"2004-02-09 00:00:00",Madrid,S12_3990,44,82.99,3651.56,2003-12
10211,"2004-02-10 00:00:00",Paris,S12_3990,28,92.57,2591.96,2004-01
10225,"2004-02-11 00:00:00",Gensve,S12_3990,37,77.41,2864.17,2004-02
10238,"2004-02-12 00:00:00",Kobenhavn,S12_3990,20,74.21,1484.2,2004-04
10253,"2004-02-13 00:00:00",Liverpool,S12_3990,25,90.17,2254.25,2004-06
10266,"2004-02-14 00:00:00","Reggio Emilia",S12_3990,35,76.61,2681.35,2004-07
10276,"2004-02-15 00:00:00",Brickhaven,S12_3990,38,83.79,3184.02,2004-08
10287,"2004-02-16 00:00:00",Gensve,S12_3990,41,69.43,2846.63,2004-08
10300,"2004-02-17 00:00:00",Frankfurt,S12_3990,22,76.61,1685.42,2003-10
10310,"2004-02-18 00:00:00",Koln,S12_3990,49,81.4,3988.6,2004-10
10320,"2004-02-19 00:00:00",Lule,S12_3990,38,73.42,2789.96,2004-11
10329,"2004-02-20 00:00:00",NYC,S12_3990,33,100,3607.56,2004-11
10341,"2004-02-21 00:00:00",Salzburg,S12_3990,36,93.56,3368.16,2004-11
10363,"2004-02-22 00:00:00",Espoo,S12_3990,34,81.62,2775.08,2005-01
10377,"2004-02-23 00:00:00",Helsinki,S12_3990,24,67.83,1627.92,2005-02
10389,"2004-02-24 00:00:00",Boras,S12_3990,36,70.26,2529.36,2005-03
10419,"2004-02-25 00:00:00",Salzburg,S12_3990,34,90.17,3065.78,2005-05
10104,"2004-02-26 00:00:00",Madrid,S12_4473,41,100,4615.78,2003-01
10115,"2004-02-27 00:00:00",NYC,S12_4473,46,100,5723.78,2003-04
10127,"2004-02-28 00:00:00",NYC,S12_4473,24,100,2559.6,2003-06
10141,"2004-02-29 00:00:00",Espoo,S12_4473,21,100,2140.11,2003-08
10151,"2004-03-01 00:00:00",Oulu,S12_4473,24,100,3327.6,2003-09
10165,"2004-03-02 00:00:00",Singapore,S12_4473,48,100,6825.6,2003-10
10175,"2004-03-03 00:00:00",London,S12_4473,26,100,3543.28,2003-11
10184,"2004-03-04 00:00:00",Sevilla,S12_4473,37,100,4516.22,2003-11
10195,"2004-03-05 00:00:00","White Plains",S12_4473,49,100,6445.46,2003-11
10207,"2004-03-06 00:00:00",Boston,S12_4473,34,99.54,3384.36,2003-12
10219,"2004-03-07 00:00:00",Brisbane,S12_4473,48,100,4891.68,2004-02
10229,"2004-03-08 00:00:00","San Rafael",S12_4473,36,100,4521.96,2004-03
10246,"2004-03-09 00:00:00",Madrid,S12_4473,46,100,5069.66,2004-05
10259,"2004-03-10 00:00:00",Singapore,S12_4473,46,100,6541.2,2004-06
10271,"2004-03-11 00:00:00","San Rafael",S12_4473,31,97.17,3012.27,2004-07
10281,"2004-03-12 00:00:00",Allentown,S12_4473,41,100,5247.18,2004-08
10292,"2004-03-13 00:00:00",NYC,S12_4473,21,100,2214.87,2004-09
10305,"2004-03-14 00:00:00",Cambridge,S12_4473,38,100,4773.18,2004-10
10314,"2004-03-15 00:00:00",Aaarhus,S12_4473,45,100,6185.7,2004-10
10324,"2004-03-16 00:00:00",NYC,S12_4473,26,58.38,1517.88,2004-11
10336,"2004-03-17 00:00:00",Paris,S12_4473,38,100,6372.6,2004-11
10349,"2004-03-18 00:00:00",NYC,S12_4473,48,100,5232.96,2004-12
10358,"2004-03-19 00:00:00",Madrid,S12_4473,42,64.16,2694.72,2004-12
10371,"2004-03-20 00:00:00","San Rafael",S12_4473,49,35.71,1749.79,2005-01
10382,"2004-03-21 00:00:00","San Rafael",S12_4473,32,66.58,2130.56,2005-02
10412,"2004-03-22 00:00:00",Madrid,S12_4473,54,100,5951.34,2005-05
10425,"2004-03-23 00:00:00",Nantes,S12_4473,33,100,4692.6,2005-05
10108,"2004-03-24 00:00:00","Makati City",S12_4675,36,100,3731.04,2003-03
10122,"2004-03-25 00:00:00",Marseille,S12_4675,20,100,2142,2003-05
10135,"2004-03-26 00:00:00","San Rafael",S12_4675,29,97.89,2838.81,2003-07
10147,"2004-03-27 00:00:00",Brickhaven,S12_4675,33,97.89,3230.37,2003-09
10160,"2004-03-28 00:00:00","Los Angeles",S12_4675,50,100,5182,2003-10
10170,"2004-03-29 00:00:00",Graz,S12_4675,41,100,4391.1,2003-11
10181,"2004-03-30 00:00:00",Bergen,S12_4675,36,100,4477.32,2003-11
10192,"2004-03-31 00:00:00",Nashua,S12_4675,27,100,3544.56,2003-11
10203,"2004-04-01 00:00:00",Madrid,S12_4675,47,100,5195.85,2003-12
10212,"2004-04-02 00:00:00",Madrid,S12_4675,33,100,4180.44,2004-01
10225,"2004-04-03 00:00:00",Gensve,S12_4675,21,100,2684.43,2004-02
10239,"2004-04-04 00:00:00",Oulu,S12_4675,21,93.28,1958.88,2004-04
10253,"2004-04-05 00:00:00",Liverpool,S12_4675,41,100,4910.57,2004-06
10266,"2004-04-06 00:00:00","Reggio Emilia",S12_4675,40,100,4468.4,2004-07
10277,"2004-04-07 00:00:00",Singapore,S12_4675,28,100,3127.88,2004-08
10287,"2004-04-08 00:00:00",Gensve,S12_4675,23,100,2675.13,2004-08
10300,"2004-04-09 00:00:00",Frankfurt,S12_4675,23,100,2807.61,2003-10
10310,"2004-04-10 00:00:00",Koln,S12_4675,25,100,2504.75,2004-10
10321,"2004-04-11 00:00:00","New Bedford",S12_4675,24,100,2984.88,2004-11
10329,"2004-04-12 00:00:00",NYC,S12_4675,39,64.74,2524.86,2004-11
10341,"2004-04-13 00:00:00",Salzburg,S12_4675,55,75.2,4136,2004-11
10363,"2004-04-14 00:00:00",Espoo,S12_4675,46,88.45,4068.7,2005-01
10377,"2004-04-15 00:00:00",Helsinki,S12_4675,50,100,5182,2005-02
10389,"2004-04-16 00:00:00",Boras,S12_4675,47,100,5243.79,2005-03
10405,"2004-04-17 00:00:00",Strasbourg,S12_4675,97,93.28,9048.16,2005-04
10419,"2004-04-18 00:00:00",Salzburg,S12_4675,32,100,3832.64,2005-05
10103,"2004-04-19 00:00:00",Stavern,S18_1097,35,100,3920,2003-01
10113,"2004-04-20 00:00:00","San Rafael",S18_1097,49,100,4916.66,2003-03
10126,"2004-04-21 00:00:00",Madrid,S18_1097,38,100,3857,2003-05
10140,"2004-04-22 00:00:00",Burlingame,S18_1097,32,100,4181.44,2003-07
10150,"2004-04-23 00:00:00",Singapore,S18_1097,34,100,4641,2003-09
10164,"2004-04-24 00:00:00",Graz,S18_1097,36,99.17,3570.12,2003-10
10174,"2004-04-25 00:00:00","South Brisbane",S18_1097,48,93.34,4480.32,2003-11
10183,"2004-04-26 00:00:00",Philadelphia,S18_1097,21,96.84,2033.64,2003-11
10194,"2004-04-27 00:00:00",Lyon,S18_1097,21,93.34,1960.14,2003-11
10206,"2004-04-28 00:00:00",Vancouver,S18_1097,34,100,3966.78,2003-12
10215,"2004-04-29 00:00:00",Burbank,S18_1097,46,100,5152,2004-01
10228,"2004-04-30 00:00:00",Cambridge,S18_1097,32,100,3360,2004-03
10245,"2004-05-01 00:00:00","New Haven",S18_1097,29,100,3451,2004-05
10258,"2004-05-02 00:00:00",Minato-ku,S18_1097,41,100,5453,2004-06
10270,"2004-05-03 00:00:00",Chatswood,S18_1097,43,96.84,4164.12,2004-07
10280,"2004-05-04 00:00:00",Torino,S18_1097,24,100,2800.08,2004-08
10291,"2004-05-05 00:00:00",Boras,S18_1097,41,100,4687.94,2004-09
10304,"2004-05-06 00:00:00",Versailles,S18_1097,46,98,4508,2004-10
10312,"2004-05-07 00:00:00","San Rafael",S18_1097,32,100,4181.44,2004-10
10322,"2004-05-08 00:00:00",Nashua,S18_1097,22,100,2251.04,2004-11
10333,"2004-05-09 00:00:00","San Francisco",S18_1097,29,40.25,1167.25,2004-11
10347,"2004-05-10 00:00:00",Melbourne,S18_1097,42,49.6,2083.2,2004-11
10357,"2004-05-11 00:00:00","San Rafael",S18_1097,39,98,3822,2004-12
10370,"2004-05-12 00:00:00","North Sydney",S18_1097,27,100,3911.49,2005-01
10381,"2004-05-13 00:00:00","San Francisco",S18_1097,48,98,4704,2005-02
10391,"2004-05-14 00:00:00","North Sydney",S18_1097,29,85.1,2467.9,2005-03
10411,"2004-05-15 00:00:00",Montreal,S18_1097,27,100,3213,2005-05
10424,"2004-05-16 00:00:00",Madrid,S18_1097,54,100,7182,2005-05
10109,"2004-05-17 00:00:00",Philadelphia,S18_1129,26,100,4379.18,2003-03
10122,"2004-05-18 00:00:00",Marseille,S18_1129,34,100,5004.8,2003-05
10136,"2004-05-19 00:00:00",Toulouse,S18_1129,25,100,3644.75,2003-07
10148,"2004-05-20 00:00:00","North Sydney",S18_1129,23,100,2702.04,2003-09
10161,"2004-05-21 00:00:00",Aaarhus,S18_1129,28,100,3764.88,2003-10
10171,"2004-05-22 00:00:00",Montreal,S18_1129,35,100,4508,2003-11
10181,"2004-05-23 00:00:00",Bergen,S18_1129,44,100,5418.16,2003-11
10192,"2004-05-24 00:00:00",Nashua,S18_1129,22,100,3300.66,2003-11
10204,"2004-05-25 00:00:00",NYC,S18_1129,42,100,6182.4,2003-12
10212,"2004-05-26 00:00:00",Madrid,S18_1129,29,100,4186.73,2004-01
10225,"2004-05-27 00:00:00",Gensve,S18_1129,32,100,4529.28,2004-02
10240,"2004-05-28 00:00:00",Osaka,S18_1129,41,100,5628.89,2004-04
10253,"2004-05-29 00:00:00",Liverpool,S18_1129,26,100,3054.48,2004-06
10266,"2004-05-30 00:00:00","Reggio Emilia",S18_1129,21,100,2526.51,2004-07
10278,"2004-05-31 00:00:00","Las Vegas",S18_1129,34,100,4667.86,2004-08
10287,"2004-06-01 00:00:00",Gensve,S18_1129,41,100,6499.32,2004-08
10301,"2004-06-02 00:00:00",Oslo,S18_1129,37,100,5917.78,2003-10
10310,"2004-06-03 00:00:00",Koln,S18_1129,37,100,6231.91,2004-10
10321,"2004-06-04 00:00:00","New Bedford",S18_1129,41,100,5803.14,2004-11
10331,"2004-06-05 00:00:00",Philadelphia,S18_1129,46,100,6434.02,2004-11
10342,"2004-06-06 00:00:00",Melbourne,S18_1129,40,100,6454.4,2004-11
10356,"2004-06-07 00:00:00",Paris,S18_1129,43,97.6,4196.8,2004-12
10365,"2004-06-08 00:00:00","New Bedford",S18_1129,30,87.06,2611.8,2005-01
10377,"2004-06-09 00:00:00",Helsinki,S18_1129,35,100,5895.05,2005-02
10390,"2004-06-10 00:00:00","San Rafael",S18_1129,36,93.77,3375.72,2005-03
10406,"2004-06-11 00:00:00",Kobenhavn,S18_1129,61,100,8374.69,2005-04
10419,"2004-06-12 00:00:00",Salzburg,S18_1129,38,100,4464.24,2005-05
10102,"2004-06-13 00:00:00",NYC,S18_1342,39,100,4808.31,2003-01
10111,"2004-06-14 00:00:00","San Francisco",S18_1342,33,99.66,3288.78,2003-03
10125,"2004-06-15 00:00:00",Melbourne,S18_1342,32,100,3254.72,2003-05
10139,"2004-06-16 00:00:00",Chatswood,S18_1342,31,100,3184.94,2003-07
10149,"2004-06-17 00:00:00",Brisbane,S18_1342,50,100,5907.5,2003-09
10162,"2004-06-18 00:00:00","San Francisco",S18_1342,48,91.44,4389.12,2003-10
10173,"2004-06-19 00:00:00",Bergamo,S18_1342,43,100,5036.16,2003-11
10182,"2004-06-20 00:00:00","San Rafael",S18_1342,25,87.33,2183.25,2003-11
10193,"2004-06-21 00:00:00","Glen Waverly",S18_1342,28,100,3106.88,2003-11
10205,"2004-06-22 00:00:00",Madrid,S18_1342,36,100,3735.72,2003-12
10215,"2004-06-23 00:00:00",Burbank,S18_1342,27,89.38,2413.26,2004-01
10227,"2004-06-24 00:00:00",Lyon,S18_1342,25,100,2953.75,2004-03
10244,"2004-06-25 00:00:00",Madrid,S18_1342,40,100,4684.8,2004-04
10256,"2004-06-26 00:00:00",Kobenhavn,S18_1342,34,95.55,3248.7,2004-06
10280,"2004-06-27 00:00:00",Torino,S18_1342,50,100,5239.5,2004-08
10289,"2004-06-28 00:00:00",Bergen,S18_1342,38,100,4567.98,2004-09
10304,"2004-06-29 00:00:00",Versailles,S18_1342,37,95.55,3535.35,2004-10
10312,"2004-06-30 00:00:00","San Rafael",S18_1342,43,89.38,3843.34,2004-10
10322,"2004-07-01 00:00:00",Nashua,S18_1342,43,86.3,3710.9,2004-11
10332,"2004-07-02 00:00:00",Manchester,S18_1342,46,95.13,4375.98,2004-11
10346,"2004-07-03 00:00:00","Las Vegas",S18_1342,42,36.11,1516.62,2004-11
10356,"2004-07-04 00:00:00",Paris,S18_1342,50,50.18,2509,2004-12
10369,"2004-07-05 00:00:00",Brickhaven,S18_1342,44,100,9240.44,2005-01
10380,"2004-07-06 00:00:00",Madrid,S18_1342,27,93.16,2515.32,2005-02
10391,"2004-07-07 00:00:00","North Sydney",S18_1342,35,100,5548.9,2005-03
10422,"2004-07-08 00:00:00",Allentown,S18_1342,51,95.55,4873.05,2005-05
10102,"2004-07-09 00:00:00",NYC,S18_1367,41,50.14,2055.74,2003-01
10111,"2004-07-10 00:00:00","San Francisco",S18_1367,48,49.06,2354.88,2003-03
10126,"2004-07-11 00:00:00",Madrid,S18_1367,42,54.99,2309.58,2003-05
10139,"2004-07-12 00:00:00",Chatswood,S18_1367,49,43.13,2113.37,2003-07
10149,"2004-07-13 00:00:00",Brisbane,S18_1367,30,58.22,1746.6,2003-09
10162,"2004-07-14 00:00:00","San Francisco",S18_1367,45,51.21,2304.45,2003-10
10173,"2004-07-15 00:00:00",Bergamo,S18_1367,48,44.21,2122.08,2003-11
10182,"2004-07-16 00:00:00","San Rafael",S18_1367,32,54.45,1742.4,2003-11
10193,"2004-07-17 00:00:00","Glen Waverly",S18_1367,46,53.37,2455.02,2003-11
10205,"2004-07-18 00:00:00",Madrid,S18_1367,48,63.61,3053.28,2003-12
10215,"2004-07-19 00:00:00",Burbank,S18_1367,33,43.13,1423.29,2004-01
10227,"2004-07-20 00:00:00",Lyon,S18_1367,31,48.52,1504.12,2004-03
10244,"2004-07-21 00:00:00",Madrid,S18_1367,20,58.22,1164.4,2004-04
10256,"2004-07-22 00:00:00",Kobenhavn,S18_1367,29,51.75,1500.75,2004-06
10280,"2004-07-23 00:00:00",Torino,S18_1367,27,57.68,1557.36,2004-08
10289,"2004-07-24 00:00:00",Bergen,S18_1367,24,56.07,1345.68,2004-09
10304,"2004-07-25 00:00:00",Versailles,S18_1367,37,48.52,1795.24,2004-10
10312,"2004-07-26 00:00:00","San Rafael",S18_1367,25,44.21,1105.25,2004-10
10322,"2004-07-27 00:00:00",Nashua,S18_1367,41,57.68,2364.88,2004-11
10332,"2004-07-28 00:00:00",Manchester,S18_1367,27,89.89,2427.03,2004-11
10347,"2004-07-29 00:00:00",Melbourne,S18_1367,21,58.95,1237.95,2004-11
10356,"2004-07-30 00:00:00",Paris,S18_1367,22,72.41,1593.02,2004-12
10369,"2004-07-31 00:00:00",Brickhaven,S18_1367,32,98.63,3156.16,2005-01
10381,"2004-08-01 00:00:00","San Francisco",S18_1367,25,52.83,1320.75,2005-02
10391,"2004-08-02 00:00:00","North Sydney",S18_1367,42,100,4998,2005-03
10422,"2004-08-03 00:00:00",Allentown,S18_1367,25,51.75,1293.75,2005-05
10110,"2004-08-04 00:00:00",Manchester,S18_1589,37,100,5433.08,2003-03
10123,"2004-08-05 00:00:00",Nantes,S18_1589,26,100,3073.72,2003-05
10137,"2004-08-06 00:00:00",Reims,S18_1589,44,99.55,4380.2,2003-07
10148,"2004-08-07 00:00:00","North Sydney",S18_1589,47,100,5848.68,2003-09
10161,"2004-08-08 00:00:00",Aaarhus,S18_1589,43,100,6153.73,2003-10
10172,"2004-08-09 00:00:00",Bridgewater,S18_1589,42,100,4965.24,2003-11
10181,"2004-08-10 00:00:00",Bergen,S18_1589,42,100,5435.64,2003-11
10192,"2004-08-11 00:00:00",Nashua,S18_1589,29,100,4258.36,2003-11
10204,"2004-08-12 00:00:00",NYC,S18_1589,40,100,4032,2003-12
10212,"2004-08-13 00:00:00",Madrid,S18_1589,38,100,4492.36,2004-01
10226,"2004-08-14 00:00:00","San Diego",S18_1589,38,100,4161.38,2004-02
10241,"2004-08-15 00:00:00",Strasbourg,S18_1589,21,100,2508.66,2004-04
10253,"2004-08-16 00:00:00",Liverpool,S18_1589,24,100,3374.88,2004-06
10266,"2004-08-17 00:00:00","Reggio Emilia",S18_1589,36,100,5196.6,2004-07
10278,"2004-08-18 00:00:00","Las Vegas",S18_1589,23,100,2604.52,2004-08
10288,"2004-08-19 00:00:00",Singapore,S18_1589,20,100,2936.8,2004-09
10301,"2004-08-20 00:00:00",Oslo,S18_1589,32,100,3424.64,2003-10
10311,"2004-08-21 00:00:00",Madrid,S18_1589,29,100,2923.2,2004-10
10321,"2004-08-22 00:00:00","New Bedford",S18_1589,44,100,4489.76,2004-11
10331,"2004-08-23 00:00:00",Philadelphia,S18_1589,44,100,4849.24,2004-11
10343,"2004-08-24 00:00:00",Reims,S18_1589,36,100,5848.92,2004-11
10367,"2004-08-25 00:00:00",Pasadena,S18_1589,49,56.3,2758.7,2005-01
10378,"2004-08-26 00:00:00",Madrid,S18_1589,34,42.64,1449.76,2005-02
10407,"2004-08-27 00:00:00","San Jose",S18_1589,59,100,7048.14,2005-04
10419,"2004-08-28 00:00:00",Salzburg,S18_1589,37,100,5202.94,2005-05
10106,"2004-08-29 00:00:00",Bergamo,S18_1662,36,100,5279.4,2003-02
10119,"2004-08-30 00:00:00",Salzburg,S18_1662,43,100,6916.12,2003-04
10131,"2004-08-31 00:00:00",Glendale,S18_1662,21,100,2781.66,2003-06
10143,"2004-09-01 00:00:00","New Bedford",S18_1662,32,100,5248,2003-08
10155,"2004-09-02 00:00:00",Helsinki,S18_1662,38,100,6531.44,2003-10
10167,"2004-09-03 00:00:00",Boras,S18_1662,43,100,5763.72,2003-10
10178,"2004-09-04 00:00:00",Toulouse,S18_1662,42,100,6490.68,2003-11
10186,"2004-09-05 00:00:00",London,S18_1662,32,100,6004.8,2003-11
10198,"2004-09-06 00:00:00","Makati City",S18_1662,42,100,7483.98,2003-11
10210,"2004-09-07 00:00:00",Osaka,S18_1662,31,100,5719.5,2004-01
10222,"2004-09-08 00:00:00","San Diego",S18_1662,49,100,6954.08,2004-02
10250,"2004-09-09 00:00:00","San Jose",S18_1662,45,100,8160.3,2004-05
10262,"2004-09-10 00:00:00",Madrid,S18_1662,49,100,6567.96,2004-06
10274,"2004-09-11 00:00:00",Brickhaven,S18_1662,41,100,6724,2004-07
10284,"2004-09-12 00:00:00",Oslo,S18_1662,45,100,5747.85,2004-08
10296,"2004-09-13 00:00:00",Munich,S18_1662,36,100,5676.84,2004-09
10307,"2004-09-14 00:00:00",Philadelphia,S18_1662,39,100,7379.97,2004-10
10316,"2004-09-15 00:00:00",Cowes,S18_1662,27,100,3704.13,2004-11
10327,"2004-09-16 00:00:00",Kobenhavn,S18_1662,25,100,2804.75,2004-11
10338,"2004-09-17 00:00:00",Charleroi,S18_1662,41,100,5624.79,2004-11
10351,"2004-09-18 00:00:00",London,S18_1662,39,99.52,3881.28,2004-12
10373,"2004-09-19 00:00:00",Oulu,S18_1662,28,57.55,1611.4,2005-01
10386,"2004-09-20 00:00:00",Madrid,S18_1662,25,54.57,1364.25,2005-03
10398,"2004-09-21 00:00:00",Reims,S18_1662,33,100,4215.09,2005-03
10400,"2004-09-22 00:00:00","San Jose",S18_1662,34,100,6433.82,2005-04
10416,"2004-09-23 00:00:00","Reggio Emilia",S18_1662,24,100,4352.16,2005-05
10100,"2004-09-24 00:00:00",Nashua,S18_1749,30,100,5151,2003-01
10110,"2004-09-25 00:00:00",Manchester,S18_1749,42,100,6069,2003-03
10124,"2004-09-26 00:00:00","Las Vegas",S18_1749,21,100,2856,2003-05
10149,"2004-09-27 00:00:00",Brisbane,S18_1749,34,100,5375.4,2003-09
10162,"2004-09-28 00:00:00","San Francisco",S18_1749,29,100,5176.5,2003-10
10173,"2004-09-29 00:00:00",Bergamo,S18_1749,24,100,3508.8,2003-11
10182,"2004-09-30 00:00:00","San Rafael",S18_1749,44,100,7554.8,2003-11
10193,"2004-10-01 00:00:00","Glen Waverly",S18_1749,21,100,3141.6,2003-11
10204,"2004-10-02 00:00:00",NYC,S18_1749,33,100,5890.5,2003-12
10214,"2004-10-03 00:00:00",Madrid,S18_1749,30,100,5967,2004-01
10227,"2004-10-04 00:00:00",Lyon,S18_1749,26,100,3712.8,2004-03
10241,"2004-10-05 00:00:00",Strasbourg,S18_1749,41,100,7597.3,2004-04
10280,"2004-10-06 00:00:00",Torino,S18_1749,26,100,3668.6,2004-08
10288,"2004-10-07 00:00:00",Singapore,S18_1749,32,100,5875.2,2004-09
10302,"2004-10-08 00:00:00",Liverpool,S18_1749,43,100,7310,2003-10
10312,"2004-10-09 00:00:00","San Rafael",S18_1749,48,100,8078.4,2004-10
10331,"2004-10-10 00:00:00",Philadelphia,S18_1749,44,74.04,3257.76,2004-11
10344,"2004-10-11 00:00:00",Marseille,S18_1749,45,100,7650,2004-11
10367,"2004-10-12 00:00:00",Pasadena,S18_1749,37,100,4703.81,2005-01
10379,"2004-10-13 00:00:00",Madrid,S18_1749,39,100,5399.55,2005-02
10407,"2004-10-14 00:00:00","San Jose",S18_1749,76,100,14082.8,2005-04
10420,"2004-10-15 00:00:00",Chatswood,S18_1749,37,100,5283.6,2005-05
10108,"2004-10-16 00:00:00","Makati City",S18_1889,38,82.39,3130.82,2003-03
10122,"2004-10-17 00:00:00",Marseille,S18_1889,43,72.38,3112.34,2003-05
10135,"2004-10-18 00:00:00","San Rafael",S18_1889,48,79.31,3806.88,2003-07
10147,"2004-10-19 00:00:00",Brickhaven,S18_1889,26,82.39,2142.14,2003-09
10160,"2004-10-20 00:00:00","Los Angeles",S18_1889,38,88.55,3364.9,2003-10
10170,"2004-10-21 00:00:00",Graz,S18_1889,20,63.14,1262.8,2003-11
10181,"2004-10-22 00:00:00",Bergen,S18_1889,22,73.92,1626.24,2003-11
10192,"2004-10-23 00:00:00",Nashua,S18_1889,45,90.86,4088.7,2003-11
10203,"2004-10-24 00:00:00",Madrid,S18_1889,45,85.47,3846.15,2003-12
10212,"2004-10-25 00:00:00",Madrid,S18_1889,20,66.99,1339.8,2004-01
10225,"2004-10-26 00:00:00",Gensve,S18_1889,47,64.68,3039.96,2004-02
10239,"2004-10-27 00:00:00",Oulu,S18_1889,46,73.92,3400.32,2004-04
10253,"2004-10-28 00:00:00",Liverpool,S18_1889,23,83.93,1930.39,2004-06
10266,"2004-10-29 00:00:00","Reggio Emilia",S18_1889,33,74.69,2464.77,2004-07
10278,"2004-10-30 00:00:00","Las Vegas",S18_1889,29,90.86,2634.94,2004-08
10287,"2004-10-31 00:00:00",Gensve,S18_1889,44,82.39,3625.16,2004-08
10300,"2004-11-01 00:00:00",Frankfurt,S18_1889,41,92.4,3788.4,2003-10
10310,"2004-11-02 00:00:00",Koln,S18_1889,20,91.63,1832.6,2004-10
10321,"2004-11-03 00:00:00","New Bedford",S18_1889,37,78.54,2905.98,2004-11
10329,"2004-11-04 00:00:00",NYC,S18_1889,29,100,2954.81,2004-11
10342,"2004-11-05 00:00:00",Melbourne,S18_1889,55,65.45,3599.75,2004-11
10363,"2004-11-06 00:00:00",Espoo,S18_1889,22,100,3686.54,2005-01
10377,"2004-11-07 00:00:00",Helsinki,S18_1889,31,67.76,2100.56,2005-02
10389,"2004-11-08 00:00:00",Boras,S18_1889,49,79.22,3881.78,2005-03
10405,"2004-11-09 00:00:00",Strasbourg,S18_1889,61,73.92,4509.12,2005-04
10419,"2004-11-10 00:00:00",Salzburg,S18_1889,39,83.93,3273.27,2005-05
10109,"2004-11-11 00:00:00",Philadelphia,S18_1984,38,100,4432.7,2003-03
10122,"2004-11-12 00:00:00",Marseille,S18_1984,31,100,4100.99,2003-05
10136,"2004-11-13 00:00:00",Toulouse,S18_1984,36,100,5274.72,2003-07
10148,"2004-11-14 00:00:00","North Sydney",S18_1984,25,100,4232,2003-09
10161,"2004-11-15 00:00:00",Aaarhus,S18_1984,48,100,6145.44,2003-10
10171,"2004-11-16 00:00:00",Montreal,S18_1984,35,100,4680.2,2003-11
10181,"2004-11-17 00:00:00",Bergen,S18_1984,21,100,3286.08,2003-11
10192,"2004-11-18 00:00:00",Nashua,S18_1984,47,100,7421.3,2003-11
10204,"2004-11-19 00:00:00",NYC,S18_1984,38,100,6432.64,2003-12
10212,"2004-11-20 00:00:00",Madrid,S18_1984,41,100,4840.87,2004-01
10226,"2004-11-21 00:00:00","San Diego",S18_1984,24,100,3892.08,2004-02
10240,"2004-11-22 00:00:00",Osaka,S18_1984,37,100,5526.32,2004-04
10253,"2004-11-23 00:00:00",Liverpool,S18_1984,33,100,4459.62,2004-06
10266,"2004-11-24 00:00:00","Reggio Emilia",S18_1984,49,100,6203.4,2004-07
10278,"2004-11-25 00:00:00","Las Vegas",S18_1984,29,100,3754.05,2004-08
10287,"2004-11-26 00:00:00",Gensve,S18_1984,24,100,3516.48,2004-08
10301,"2004-11-27 00:00:00",Oslo,S18_1984,47,100,7488.04,2003-10
10310,"2004-11-28 00:00:00",Koln,S18_1984,24,100,3448.08,2004-10
10321,"2004-11-29 00:00:00","New Bedford",S18_1984,25,100,3734,2004-11
10331,"2004-11-30 00:00:00",Philadelphia,S18_1984,30,32.47,974.1,2004-11
10342,"2004-12-01 00:00:00",Melbourne,S18_1984,22,100,3160.74,2004-11
10356,"2004-12-02 00:00:00",Paris,S18_1984,27,64.69,1746.63,2004-12
10366,"2004-12-03 00:00:00",Charleroi,S18_1984,34,100,4207.84,2005-01
10377,"2004-12-04 00:00:00",Helsinki,S18_1984,36,100,4352.76,2005-02
10390,"2004-12-05 00:00:00","San Rafael",S18_1984,34,43.05,1463.7,2005-03
10406,"2004-12-06 00:00:00",Kobenhavn,S18_1984,48,100,7169.28,2005-04
10419,"2004-12-07 00:00:00",Salzburg,S18_1984,34,100,4594.76,2005-05
10104,"2004-12-08 00:00:00",Madrid,S18_2238,24,100,3457.92,2003-01
10115,"2004-12-09 00:00:00",NYC,S18_2238,46,100,7381.16,2003-04
10127,"2004-12-10 00:00:00",NYC,S18_2238,45,100,7146.9,2003-06
10141,"2004-12-11 00:00:00",Espoo,S18_2238,39,100,5938.53,2003-08
10151,"2004-12-12 00:00:00",Oulu,S18_2238,43,100,7110.91,2003-09
10165,"2004-12-13 00:00:00",Singapore,S18_2238,29,100,5032.95,2003-10
10176,"2004-12-14 00:00:00","Reggio Emilia",S18_2238,20,100,3667.6,2003-11
10184,"2004-12-15 00:00:00",Sevilla,S18_2238,46,100,7381.16,2003-11
10195,"2004-12-16 00:00:00","White Plains",S18_2238,27,100,5128.11,2003-11
10207,"2004-12-17 00:00:00",Boston,S18_2238,44,100,7060.24,2003-12
10219,"2004-12-18 00:00:00",Brisbane,S18_2238,43,100,8448.64,2004-02
10230,"2004-12-19 00:00:00",Frankfurt,S18_2238,49,100,7300.51,2004-03
10246,"2004-12-20 00:00:00",Madrid,S18_2238,40,100,6549.2,2004-05
10259,"2004-12-21 00:00:00",Singapore,S18_2238,30,100,5697.9,2004-06
10271,"2004-12-22 00:00:00","San Rafael",S18_2238,50,100,9169,2004-07
10282,"2004-12-23 00:00:00","San Rafael",S18_2238,23,100,3238.63,2004-08
10292,"2004-12-24 00:00:00",NYC,S18_2238,26,100,4554.94,2004-09
10305,"2004-12-25 00:00:00",Cambridge,S18_2238,27,100,3934.44,2004-10
10314,"2004-12-26 00:00:00",Aaarhus,S18_2238,42,100,5776.26,2004-10
10324,"2004-12-27 00:00:00",NYC,S18_2238,47,100,7207.45,2004-11
10336,"2004-12-28 00:00:00",Paris,S18_2238,49,100,7460.74,2004-11
10349,"2004-12-29 00:00:00",NYC,S18_2238,38,100,6719.54,2004-12
10358,"2004-12-30 00:00:00",Madrid,S18_2238,20,100,2428,2004-12
10371,"2004-12-31 00:00:00","San Rafael",S18_2238,25,100,2602.25,2005-01
10382,"2005-01-01 00:00:00","San Rafael",S18_2238,25,88,2200,2005-02
10412,"2005-01-02 00:00:00",Madrid,S18_2238,41,100,6712.93,2005-05
10425,"2005-01-03 00:00:00",Nantes,S18_2238,28,100,5318.04,2005-05
10100,"2005-01-04 00:00:00",Nashua,S18_2248,50,67.8,3390,2003-01
10110,"2005-01-05 00:00:00",Manchester,S18_2248,32,50.25,1608,2003-03
10124,"2005-01-06 00:00:00","Las Vegas",S18_2248,42,53.88,2262.96,2003-05
10149,"2005-01-07 00:00:00",Brisbane,S18_2248,24,62.36,1496.64,2003-09
10162,"2005-01-08 00:00:00","San Francisco",S18_2248,27,69.62,1879.74,2003-10
10173,"2005-01-09 00:00:00",Bergamo,S18_2248,26,57.51,1495.26,2003-11
10182,"2005-01-10 00:00:00","San Rafael",S18_2248,38,61.15,2323.7,2003-11
10193,"2005-01-11 00:00:00","Glen Waverly",S18_2248,42,59.33,2491.86,2003-11
10204,"2005-01-12 00:00:00",NYC,S18_2248,23,71.44,1643.12,2003-12
10214,"2005-01-13 00:00:00",Madrid,S18_2248,21,62.96,1322.16,2004-01
10227,"2005-01-14 00:00:00",Lyon,S18_2248,28,50.85,1423.8,2004-03
10241,"2005-01-15 00:00:00",Strasbourg,S18_2248,33,72.65,2397.45,2004-04
10280,"2005-01-16 00:00:00",Torino,S18_2248,25,62.96,1574,2004-08
10288,"2005-01-17 00:00:00",Singapore,S18_2248,28,61.75,1729,2004-09
10303,"2005-01-18 00:00:00",Sevilla,S18_2248,46,49.04,2255.84,2004-10
10312,"2005-01-19 00:00:00","San Rafael",S18_2248,30,61.15,1834.5,2004-10
10332,"2005-01-20 00:00:00",Manchester,S18_2248,38,84.25,3201.5,2004-11
10344,"2005-01-21 00:00:00",Marseille,S18_2248,40,56.91,2276.4,2004-11
10367,"2005-01-22 00:00:00",Pasadena,S18_2248,45,100,8884.8,2005-01
10379,"2005-01-23 00:00:00",Madrid,S18_2248,27,49.3,1331.1,2005-02
10407,"2005-01-24 00:00:00","San Jose",S18_2248,42,72.65,3051.3,2005-04
10420,"2005-01-25 00:00:00",Chatswood,S18_2248,36,63.57,2288.52,2005-05
10104,"2005-01-26 00:00:00",Madrid,S18_2319,29,100,3772.61,2003-01
10114,"2005-01-27 00:00:00",Paris,S18_2319,39,100,4164.42,2003-04
10127,"2005-01-28 00:00:00",NYC,S18_2319,45,100,6295.95,2003-06
10141,"2005-01-29 00:00:00",Espoo,S18_2319,47,100,6287.66,2003-08
10151,"2005-01-30 00:00:00",Oulu,S18_2319,49,100,5412.54,2003-09
10165,"2005-01-31 00:00:00",Singapore,S18_2319,46,100,5984.14,2003-10
10175,"2005-02-01 00:00:00",London,S18_2319,48,100,5891.04,2003-11
10184,"2005-02-02 00:00:00",Sevilla,S18_2319,46,100,5984.14,2003-11
10195,"2005-02-03 00:00:00","White Plains",S18_2319,35,100,3608.15,2003-11
10207,"2005-02-04 00:00:00",Boston,S18_2319,43,100,5752.54,2003-12
10229,"2005-02-05 00:00:00","San Rafael",S18_2319,26,100,3765.32,2004-03
10246,"2005-02-06 00:00:00",Madrid,S18_2319,22,98.18,2159.96,2004-05
10259,"2005-02-07 00:00:00",Singapore,S18_2319,34,99.41,3379.94,2004-06
10271,"2005-02-08 00:00:00","San Rafael",S18_2319,50,100,5093.5,2004-07
10281,"2005-02-09 00:00:00",Allentown,S18_2319,48,100,5773.44,2004-08
10292,"2005-02-10 00:00:00",NYC,S18_2319,41,100,4528.86,2004-09
10305,"2005-02-11 00:00:00",Cambridge,S18_2319,36,100,4816.08,2004-10
10313,"2005-02-12 00:00:00",Vancouver,S18_2319,29,100,3416.78,2004-10
10324,"2005-02-13 00:00:00",NYC,S18_2319,33,37.48,1236.84,2004-11
10334,"2005-02-14 00:00:00",Lule,S18_2319,46,100,5814.86,2004-11
10349,"2005-02-15 00:00:00",NYC,S18_2319,38,100,5223.48,2004-12
10358,"2005-02-16 00:00:00",Madrid,S18_2319,20,36.42,728.4,2004-12
10370,"2005-02-17 00:00:00","North Sydney",S18_2319,22,100,3949,2005-01
10383,"2005-02-18 00:00:00",Madrid,S18_2319,27,100,3843.99,2005-02
10412,"2005-02-19 00:00:00",Madrid,S18_2319,56,98.18,5498.08,2005-05
10425,"2005-02-20 00:00:00",Nantes,S18_2319,38,99.41,3777.58,2005-05
10101,"2005-02-21 00:00:00",Frankfurt,S18_2325,25,100,3782,2003-01
10110,"2005-02-22 00:00:00",Manchester,S18_2325,33,100,3859.68,2003-03
10124,"2005-02-23 00:00:00","Las Vegas",S18_2325,42,100,4431.84,2003-05
10149,"2005-02-24 00:00:00",Brisbane,S18_2325,33,100,4950.33,2003-09
10162,"2005-02-25 00:00:00","San Francisco",S18_2325,38,100,4299.7,2003-10
10173,"2005-02-26 00:00:00",Bergamo,S18_2325,31,100,4492.83,2003-11
10182,"2005-02-27 00:00:00","San Rafael",S18_2325,20,100,2212,2003-11
10193,"2005-02-28 00:00:00","Glen Waverly",S18_2325,44,100,4642.88,2003-11
10204,"2005-03-01 00:00:00",NYC,S18_2325,26,100,3206.32,2003-12
10214,"2005-03-02 00:00:00",Madrid,S18_2325,27,100,3604.23,2004-01
10227,"2005-03-03 00:00:00",Lyon,S18_2325,46,100,7017.76,2004-03
10243,"2005-03-04 00:00:00",Boston,S18_2325,47,100,6154.18,2004-04
10280,"2005-03-05 00:00:00",Torino,S18_2325,37,100,4750.8,2004-08
10288,"2005-03-06 00:00:00",Singapore,S18_2325,31,100,3822.92,2004-09
10304,"2005-03-07 00:00:00",Versailles,S18_2325,24,100,2440.8,2004-10
10312,"2005-03-08 00:00:00","San Rafael",S18_2325,31,100,4729.36,2004-10
10322,"2005-03-09 00:00:00",Nashua,S18_2325,50,100,12536.5,2004-11
10332,"2005-03-10 00:00:00",Manchester,S18_2325,35,64.69,2264.15,2004-11
10344,"2005-03-11 00:00:00",Marseille,S18_2325,30,100,3928.2,2004-11
10356,"2005-03-12 00:00:00",Paris,S18_2325,29,100,3630.22,2004-12
10367,"2005-03-13 00:00:00",Pasadena,S18_2325,27,100,4196.07,2005-01
10380,"2005-03-14 00:00:00",Madrid,S18_2325,40,100,4931.6,2005-02
10390,"2005-03-15 00:00:00","San Rafael",S18_2325,31,98.99,3068.69,2005-03
10409,"2005-03-16 00:00:00",Singapore,S18_2325,6,100,785.64,2005-04
10420,"2005-03-17 00:00:00",Chatswood,S18_2325,45,100,4977,2005-05
10103,"2005-03-18 00:00:00",Stavern,S18_2432,22,54.09,1189.98,2003-01
10114,"2005-03-19 00:00:00",Paris,S18_2432,45,68.67,3090.15,2003-04
10126,"2005-03-20 00:00:00",Madrid,S18_2432,43,65.02,2795.86,2003-05
10140,"2005-03-21 00:00:00",Burlingame,S18_2432,46,61.99,2851.54,2003-07
10151,"2005-03-22 00:00:00",Oulu,S18_2432,39,69.28,2701.92,2003-09
10165,"2005-03-23 00:00:00",Singapore,S18_2432,31,71.1,2204.1,2003-10
10175,"2005-03-24 00:00:00",London,S18_2432,41,69.28,2840.48,2003-11
10184,"2005-03-25 00:00:00",Sevilla,S18_2432,44,60.16,2647.04,2003-11
10194,"2005-03-26 00:00:00",Lyon,S18_2432,45,70.49,3172.05,2003-11
10207,"2005-03-27 00:00:00",Boston,S18_2432,37,69.89,2585.93,2003-12
10217,"2005-03-28 00:00:00",Singapore,S18_2432,35,61.38,2148.3,2004-02
10229,"2005-03-29 00:00:00","San Rafael",S18_2432,28,59.55,1667.4,2004-03
10246,"2005-03-30 00:00:00",Madrid,S18_2432,30,61.99,1859.7,2004-05
10259,"2005-03-31 00:00:00",Singapore,S18_2432,30,49.22,1476.6,2004-06
10271,"2005-04-01 00:00:00","San Rafael",S18_2432,25,69.28,1732,2004-07
10281,"2005-04-02 00:00:00",Allentown,S18_2432,29,57.73,1674.17,2004-08
10291,"2005-04-03 00:00:00",Boras,S18_2432,26,57.73,1500.98,2004-09
10305,"2005-04-04 00:00:00",Cambridge,S18_2432,41,53.48,2192.68,2004-10
10313,"2005-04-05 00:00:00",Vancouver,S18_2432,34,52.87,1797.58,2004-10
10322,"2005-04-06 00:00:00",Nashua,S18_2432,35,61.21,2142.35,2004-11
10334,"2005-04-07 00:00:00",Lule,S18_2432,34,61.38,2086.92,2004-11
10347,"2005-04-08 00:00:00",Melbourne,S18_2432,50,100,6834.5,2004-11
10357,"2005-04-09 00:00:00","San Rafael",S18_2432,41,61.99,2541.59,2004-12
10370,"2005-04-10 00:00:00","North Sydney",S18_2432,22,96.86,2130.92,2005-01
10381,"2005-04-11 00:00:00","San Francisco",S18_2432,35,48.62,1701.7,2005-02
10391,"2005-04-12 00:00:00","North Sydney",S18_2432,44,38.5,1694,2005-03
10412,"2005-04-13 00:00:00",Madrid,S18_2432,47,61.99,2913.53,2005-05
10425,"2005-04-14 00:00:00",Nantes,S18_2432,19,49.22,935.18,2005-05
10106,"2005-04-15 00:00:00",Bergamo,S18_2581,34,90.39,3073.26,2003-02
10120,"2005-04-16 00:00:00",Melbourne,S18_2581,29,71.81,2082.49,2003-04
10133,"2005-04-17 00:00:00",Madrid,S18_2581,49,69.27,3394.23,2003-06
10145,"2005-04-18 00:00:00",Pasadena,S18_2581,30,85.32,2559.6,2003-08
10168,"2005-04-19 00:00:00",Burlingame,S18_2581,21,70.96,1490.16,2003-10
10210,"2005-04-20 00:00:00",Osaka,S18_2581,50,76.88,3844,2004-01
10223,"2005-04-21 00:00:00",Melbourne,S18_2581,47,100,4724.91,2004-02
10235,"2005-04-22 00:00:00",Tsawassen,S18_2581,24,76.03,1824.72,2004-04
10250,"2005-04-23 00:00:00","San Jose",S18_2581,27,98.84,2668.68,2004-05
10263,"2005-04-24 00:00:00",Bridgewater,S18_2581,33,86.17,2843.61,2004-06
10275,"2005-04-25 00:00:00",Nantes,S18_2581,35,90.39,3163.65,2004-07
10284,"2005-04-26 00:00:00",Oslo,S18_2581,31,71.81,2226.11,2004-08
10297,"2005-04-27 00:00:00",Dublin,S18_2581,25,82.79,2069.75,2004-09
10308,"2005-04-28 00:00:00","White Plains",S18_2581,27,82.79,2235.33,2004-10
10318,"2005-04-29 00:00:00",Allentown,S18_2581,31,100,3116.43,2004-11
10327,"2005-04-30 00:00:00",Kobenhavn,S18_2581,45,100,4781.7,2004-11
10339,"2005-05-01 00:00:00",Minato-ku,S18_2581,27,100,2810.7,2004-11
10353,"2005-05-02 00:00:00",Glendale,S18_2581,27,100,3515.67,2004-12
10374,"2005-05-03 00:00:00","South Brisbane",S18_2581,42,69.27,2909.34,2005-02
10386,"2005-05-04 00:00:00",Madrid,S18_2581,21,74.77,1570.17,2005-03
10398,"2005-05-05 00:00:00",Reims,S18_2581,34,76.88,2613.92,2005-03
10401,"2005-05-06 00:00:00",Newark,S18_2581,42,76.03,3193.26,2005-04
10416,"2005-05-07 00:00:00","Reggio Emilia",S18_2581,15,98.84,1482.6,2005-05
10107,"2005-05-08 00:00:00",NYC,S18_2625,29,70.87,2055.23,2003-02
10120,"2005-05-09 00:00:00",Melbourne,S18_2625,46,58.15,2674.9,2003-04
10134,"2005-05-10 00:00:00",Paris,S18_2625,30,61.78,1853.4,2003-07
10145,"2005-05-11 00:00:00",Pasadena,S18_2625,30,49.67,1490.1,2003-08
10159,"2005-05-12 00:00:00","San Francisco",S18_2625,42,51.48,2162.16,2003-10
10168,"2005-05-13 00:00:00",Burlingame,S18_2625,46,61.18,2814.28,2003-10
10180,"2005-05-14 00:00:00",Lille,S18_2625,25,64.2,1605,2003-11
10188,"2005-05-15 00:00:00",Bergen,S18_2625,32,65.42,2093.44,2003-11
10201,"2005-05-16 00:00:00","San Francisco",S18_2625,30,64.81,1944.3,2003-12
10210,"2005-05-17 00:00:00",Osaka,S18_2625,40,49.67,1986.8,2004-01
10223,"2005-05-18 00:00:00",Melbourne,S18_2625,28,60.57,1695.96,2004-02
10236,"2005-05-19 00:00:00",Philadelphia,S18_2625,23,55.72,1281.56,2004-04
10251,"2005-05-20 00:00:00",Newark,S18_2625,29,61.18,1774.22,2004-05
10263,"2005-05-21 00:00:00",Bridgewater,S18_2625,34,58.75,1997.5,2004-06
10275,"2005-05-22 00:00:00",Nantes,S18_2625,37,63.6,2353.2,2004-07
10285,"2005-05-23 00:00:00",Cambridge,S18_2625,20,49.06,981.2,2004-08
10298,"2005-05-24 00:00:00",Nantes,S18_2625,32,48.46,1550.72,2004-09
10308,"2005-05-25 00:00:00","White Plains",S18_2625,34,52.09,1771.06,2004-10
10318,"2005-05-26 00:00:00",Allentown,S18_2625,42,52.7,2213.4,2004-11
10329,"2005-05-27 00:00:00",NYC,S18_2625,38,100,5266.04,2004-11
10339,"2005-05-28 00:00:00",Minato-ku,S18_2625,30,62.16,1864.8,2004-11
10362,"2005-05-29 00:00:00",Burlingame,S18_2625,23,49.67,1142.41,2005-01
10374,"2005-05-30 00:00:00","South Brisbane",S18_2625,22,53.3,1172.6,2005-02
10389,"2005-05-31 00:00:00",Boras,S18_2625,39,100,6981,2005-03
10402,"2005-06-01 00:00:00",Paris,S18_2625,55,55.72,3064.6,2005-04
10417,"2005-06-02 00:00:00",Madrid,S18_2625,36,61.18,2202.48,2005-05
10101,"2005-06-03 00:00:00",Frankfurt,S18_2795,26,100,3773.38,2003-01
10110,"2005-06-04 00:00:00",Manchester,S18_2795,31,100,5074.39,2003-03
10125,"2005-06-05 00:00:00",Melbourne,S18_2795,34,100,6483.46,2003-05
10139,"2005-06-06 00:00:00",Chatswood,S18_2795,41,100,7956.46,2003-07
10149,"2005-06-07 00:00:00",Brisbane,S18_2795,23,100,4230.62,2003-09
10162,"2005-06-08 00:00:00","San Francisco",S18_2795,48,100,7209.12,2003-10
10173,"2005-06-09 00:00:00",Bergamo,S18_2795,22,100,3452.68,2003-11
10182,"2005-06-10 00:00:00","San Rafael",S18_2795,21,100,3047.73,2003-11
10193,"2005-06-11 00:00:00","Glen Waverly",S18_2795,22,100,3675.32,2003-11
10205,"2005-06-12 00:00:00",Madrid,S18_2795,40,100,7492.4,2003-12
10214,"2005-06-13 00:00:00",Madrid,S18_2795,50,100,9534.5,2004-01
10227,"2005-06-14 00:00:00",Lyon,S18_2795,29,100,5579.02,2004-03
10244,"2005-06-15 00:00:00",Madrid,S18_2795,43,100,5950.34,2004-04
10255,"2005-06-16 00:00:00",Strasbourg,S18_2795,24,100,3726,2004-06
10280,"2005-06-17 00:00:00",Torino,S18_2795,22,100,4455,2004-08
10289,"2005-06-18 00:00:00",Bergen,S18_2795,43,100,8272.34,2004-09
10304,"2005-06-19 00:00:00",Versailles,S18_2795,20,100,3577.6,2004-10
10312,"2005-06-20 00:00:00","San Rafael",S18_2795,25,100,3881.25,2004-10
10322,"2005-06-21 00:00:00",Nashua,S18_2795,36,100,5797.44,2004-11
10332,"2005-06-22 00:00:00",Manchester,S18_2795,24,52.67,1264.08,2004-11
10347,"2005-06-23 00:00:00",Melbourne,S18_2795,21,100,4815.3,2004-11
10356,"2005-06-24 00:00:00",Paris,S18_2795,30,100,4462.2,2004-12
10367,"2005-06-25 00:00:00",Pasadena,S18_2795,32,94.79,3033.28,2005-01
10380,"2005-06-26 00:00:00",Madrid,S18_2795,21,47.18,990.78,2005-02
10390,"2005-06-27 00:00:00","San Rafael",S18_2795,26,78.11,2030.86,2005-03
10421,"2005-06-28 00:00:00","San Rafael",S18_2795,35,100,5433.75,2005-05
10109,"2005-06-29 00:00:00",Philadelphia,S18_2870,26,100,3157.44,2003-03
10123,"2005-06-30 00:00:00",Nantes,S18_2870,46,100,5161.2,2003-05
10137,"2005-07-01 00:00:00",Reims,S18_2870,37,100,4346.76,2003-07
10148,"2005-07-02 00:00:00","North Sydney",S18_2870,27,100,3528.36,2003-09
10161,"2005-07-03 00:00:00",Aaarhus,S18_2870,23,100,3187.8,2003-10
10172,"2005-07-04 00:00:00",Bridgewater,S18_2870,39,100,6023.16,2003-11
10181,"2005-07-05 00:00:00",Bergen,S18_2870,27,100,3884.76,2003-11
10192,"2005-07-06 00:00:00",Nashua,S18_2870,38,100,4965.84,2003-11
10204,"2005-07-07 00:00:00",NYC,S18_2870,27,100,4169.88,2003-12
10212,"2005-07-08 00:00:00",Madrid,S18_2870,40,100,4910.4,2004-01
10226,"2005-07-09 00:00:00","San Diego",S18_2870,24,100,3231.36,2004-02
10241,"2005-07-10 00:00:00",Strasbourg,S18_2870,44,100,6853.44,2004-04
10253,"2005-07-11 00:00:00",Liverpool,S18_2870,37,100,5177.04,2004-06
10266,"2005-07-12 00:00:00","Reggio Emilia",S18_2870,20,100,2824.8,2004-07
10278,"2005-07-13 00:00:00","Las Vegas",S18_2870,39,100,4324.32,2004-08
10287,"2005-07-14 00:00:00",Gensve,S18_2870,44,100,5052.96,2004-08
10301,"2005-07-15 00:00:00",Oslo,S18_2870,22,100,3223.44,2003-10
10311,"2005-07-16 00:00:00",Madrid,S18_2870,43,100,5278.68,2004-10
10321,"2005-07-17 00:00:00","New Bedford",S18_2870,27,100,2851.2,2004-11
10331,"2005-07-18 00:00:00",Philadelphia,S18_2870,26,64.9,1687.4,2004-11
10343,"2005-07-19 00:00:00",Reims,S18_2870,25,52.32,1308,2004-11
10366,"2005-07-20 00:00:00",Charleroi,S18_2870,49,100,6144.6,2005-01
10379,"2005-07-21 00:00:00",Madrid,S18_2870,29,100,5127.2,2005-02
10407,"2005-07-22 00:00:00","San Jose",S18_2870,41,100,6386.16,2005-04
10419,"2005-07-23 00:00:00",Salzburg,S18_2870,55,100,7695.6,2005-05
10103,"2005-07-24 00:00:00",Stavern,S18_2949,27,83.07,2242.89,2003-01
10112,"2005-07-25 00:00:00",Lule,S18_2949,23,100,2539.89,2003-03
10126,"2005-07-26 00:00:00",Madrid,S18_2949,31,90.17,2795.27,2003-05
10139,"2005-07-27 00:00:00",Chatswood,S18_2949,46,100,5545.76,2003-07
10150,"2005-07-28 00:00:00",Singapore,S18_2949,47,91.18,4285.46,2003-09
10163,"2005-07-29 00:00:00",NYC,S18_2949,31,100,3329.09,2003-10
10174,"2005-07-30 00:00:00","South Brisbane",S18_2949,46,100,5592.22,2003-11
10183,"2005-07-31 00:00:00",Philadelphia,S18_2949,37,89.15,3298.55,2003-11
10193,"2005-08-01 00:00:00","Glen Waverly",S18_2949,28,93.21,2609.88,2003-11
10206,"2005-08-02 00:00:00",Vancouver,S18_2949,37,90.17,3336.29,2003-12
10215,"2005-08-03 00:00:00",Burbank,S18_2949,49,100,5510.05,2004-01
10228,"2005-08-04 00:00:00",Cambridge,S18_2949,24,100,2504.4,2004-03
10244,"2005-08-05 00:00:00",Madrid,S18_2949,30,100,3525.6,2004-04
10257,"2005-08-06 00:00:00","San Jose",S18_2949,50,88.14,4407,2004-06
10270,"2005-08-07 00:00:00",Chatswood,S18_2949,31,96.24,2983.44,2004-07
10280,"2005-08-08 00:00:00",Torino,S18_2949,46,100,5126.24,2004-08
10291,"2005-08-09 00:00:00",Boras,S18_2949,47,100,5713.79,2004-09
10304,"2005-08-10 00:00:00",Versailles,S18_2949,46,100,4613.8,2004-10
10312,"2005-08-11 00:00:00","San Rafael",S18_2949,37,100,3711.1,2004-10
10322,"2005-08-12 00:00:00",Nashua,S18_2949,33,100,3524.73,2004-11
10333,"2005-08-13 00:00:00","San Francisco",S18_2949,31,90.17,2795.27,2004-11
10347,"2005-08-14 00:00:00",Melbourne,S18_2949,48,100,4814.4,2004-11
10357,"2005-08-15 00:00:00","San Rafael",S18_2949,41,87.13,3572.33,2004-12
10369,"2005-08-16 00:00:00",Brickhaven,S18_2949,42,100,4581.36,2005-01
10381,"2005-08-17 00:00:00","San Francisco",S18_2949,41,100,4319.76,2005-02
10391,"2005-08-18 00:00:00","North Sydney",S18_2949,32,45.25,1448,2005-03
10423,"2005-08-19 00:00:00",Bruxelles,S18_2949,10,88.14,881.4,2005-05
10103,"2005-08-20 00:00:00",Stavern,S18_2957,35,57.46,2011.1,2003-01
10111,"2005-08-21 00:00:00","San Francisco",S18_2957,28,64.33,1801.24,2003-03
10126,"2005-08-22 00:00:00",Madrid,S18_2957,46,73.7,3390.2,2003-05
10139,"2005-08-23 00:00:00",Chatswood,S18_2957,20,71.2,1424,2003-07
10150,"2005-08-24 00:00:00",Singapore,S18_2957,30,49.97,1499.1,2003-09
10163,"2005-08-25 00:00:00",NYC,S18_2957,48,69.96,3358.08,2003-10
10173,"2005-08-26 00:00:00",Bergamo,S18_2957,28,53.72,1504.16,2003-11
10183,"2005-08-27 00:00:00",Philadelphia,S18_2957,39,68.08,2655.12,2003-11
10193,"2005-08-28 00:00:00","Glen Waverly",S18_2957,24,51.84,1244.16,2003-11
10206,"2005-08-29 00:00:00",Vancouver,S18_2957,28,67.46,1888.88,2003-12
10215,"2005-08-30 00:00:00",Burbank,S18_2957,31,58.71,1820.01,2004-01
10228,"2005-08-31 00:00:00",Cambridge,S18_2957,45,63.71,2866.95,2004-03
10244,"2005-09-01 00:00:00",Madrid,S18_2957,24,58.09,1394.16,2004-04
10257,"2005-09-02 00:00:00","San Jose",S18_2957,49,53.72,2632.28,2004-06
10269,"2005-09-03 00:00:00",Salzburg,S18_2957,32,63.08,2018.56,2004-07
10280,"2005-09-04 00:00:00",Torino,S18_2957,43,68.71,2954.53,2004-08
10291,"2005-09-05 00:00:00",Boras,S18_2957,37,50.59,1871.83,2004-09
10304,"2005-09-06 00:00:00",Versailles,S18_2957,24,64.96,1559.04,2004-10
10312,"2005-09-07 00:00:00","San Rafael",S18_2957,35,53.72,1880.2,2004-10
10322,"2005-09-08 00:00:00",Nashua,S18_2957,41,29.87,1224.67,2004-11
10332,"2005-09-09 00:00:00",Manchester,S18_2957,26,100,2979.08,2004-11
10347,"2005-09-10 00:00:00",Melbourne,S18_2957,34,64.96,2208.64,2004-11
10357,"2005-09-11 00:00:00","San Rafael",S18_2957,49,70.58,3458.42,2004-12
10369,"2005-09-12 00:00:00",Brickhaven,S18_2957,28,44.21,1237.88,2005-01
10381,"2005-09-13 00:00:00","San Francisco",S18_2957,40,68.08,2723.2,2005-02
10392,"2005-09-14 00:00:00",Graz,S18_2957,37,59.96,2218.52,2005-03
10423,"2005-09-15 00:00:00",Bruxelles,S18_2957,31,53.72,1665.32,2005-05
10106,"2005-09-16 00:00:00",Bergamo,S18_3029,41,83.44,3421.04,2003-02
10119,"2005-09-17 00:00:00",Salzburg,S18_3029,21,89.46,1878.66,2003-04
10130,"2005-09-18 00:00:00",Brickhaven,S18_3029,40,96.34,3853.6,2003-06
10143,"2005-09-19 00:00:00","New Bedford",S18_3029,46,74.84,3442.64,2003-08
10155,"2005-09-20 00:00:00",Helsinki,S18_3029,44,79.14,3482.16,2003-10
10167,"2005-09-21 00:00:00",Boras,S18_3029,46,73.12,3363.52,2003-10
10178,"2005-09-22 00:00:00",Toulouse,S18_3029,41,81.72,3350.52,2003-11
10186,"2005-09-23 00:00:00",London,S18_3029,32,89.46,2862.72,2003-11
10197,"2005-09-24 00:00:00",Barcelona,S18_3029,46,87.74,4036.04,2003-11
10209,"2005-09-25 00:00:00","Los Angeles",S18_3029,28,100,2817.92,2004-01
10222,"2005-09-26 00:00:00","San Diego",S18_3029,49,94.62,4636.38,2004-02
10248,"2005-09-27 00:00:00",NYC,S18_3029,21,73.98,1553.58,2004-05
10262,"2005-09-28 00:00:00",Madrid,S18_3029,32,84.3,2697.6,2004-06
10273,"2005-09-29 00:00:00",Bruxelles,S18_3029,34,98.06,3334.04,2004-07
10283,"2005-09-30 00:00:00",Tsawassen,S18_3029,21,98.06,2059.26,2004-08
10296,"2005-10-01 00:00:00",Munich,S18_3029,21,96.34,2023.14,2004-09
10307,"2005-10-02 00:00:00",Philadelphia,S18_3029,31,83.44,2586.64,2004-10
10316,"2005-10-03 00:00:00",Cowes,S18_3029,21,94.62,1987.02,2004-11
10327,"2005-10-04 00:00:00",Kobenhavn,S18_3029,25,45.86,1146.5,2004-11
10338,"2005-10-05 00:00:00",Charleroi,S18_3029,28,82.58,2312.24,2004-11
10350,"2005-10-06 00:00:00",Madrid,S18_3029,43,64.97,2793.71,2004-12
10373,"2005-10-07 00:00:00",Oulu,S18_3029,22,86.74,1908.28,2005-01
10386,"2005-10-08 00:00:00",Madrid,S18_3029,37,93.01,3441.37,2005-03
10398,"2005-10-09 00:00:00",Reims,S18_3029,28,72.26,2023.28,2005-03
10400,"2005-10-10 00:00:00","San Jose",S18_3029,30,74.84,2245.2,2005-04
10414,"2005-10-11 00:00:00",Boston,S18_3029,44,73.98,3255.12,2005-05
10103,"2005-10-12 00:00:00",Stavern,S18_3136,25,100,2539.5,2003-01
10111,"2005-10-13 00:00:00","San Francisco",S18_3136,43,100,4818.15,2003-03
10126,"2005-10-14 00:00:00",Madrid,S18_3136,30,97.39,2921.7,2003-05
10139,"2005-10-15 00:00:00",Chatswood,S18_3136,20,90.06,1801.2,2003-07
10150,"2005-10-16 00:00:00",Singapore,S18_3136,26,100,2804.36,2003-09
10163,"2005-10-17 00:00:00",NYC,S18_3136,40,100,4900.8,2003-10
10173,"2005-10-18 00:00:00",Bergamo,S18_3136,31,89.01,2759.31,2003-11
10183,"2005-10-19 00:00:00",Philadelphia,S18_3136,22,100,2488.2,2003-11
10193,"2005-10-20 00:00:00","Glen Waverly",S18_3136,23,100,2769.89,2003-11
10206,"2005-10-21 00:00:00",Vancouver,S18_3136,30,100,3581.4,2003-12
10215,"2005-10-22 00:00:00",Burbank,S18_3136,49,100,5285.14,2004-01
10228,"2005-10-23 00:00:00",Cambridge,S18_3136,31,100,3181.53,2004-03
10244,"2005-10-24 00:00:00",Madrid,S18_3136,29,100,3340.51,2004-04
10257,"2005-10-25 00:00:00","San Jose",S18_3136,37,84.82,3138.34,2004-06
10270,"2005-10-26 00:00:00",Chatswood,S18_3136,38,100,4775.08,2004-07
10280,"2005-10-27 00:00:00",Torino,S18_3136,29,100,3006.43,2004-08
10291,"2005-10-28 00:00:00",Boras,S18_3136,23,100,2866.26,2004-09
10304,"2005-10-29 00:00:00",Versailles,S18_3136,26,85.87,2232.62,2004-10
10312,"2005-10-30 00:00:00","San Rafael",S18_3136,38,100,4457.02,2004-10
10322,"2005-10-31 00:00:00",Nashua,S18_3136,48,47.04,2257.92,2004-11
10332,"2005-11-01 00:00:00",Manchester,S18_3136,40,39.8,1592,2004-11
10347,"2005-11-02 00:00:00",Melbourne,S18_3136,45,100,4948.2,2004-11
10357,"2005-11-03 00:00:00","San Rafael",S18_3136,44,100,5160.76,2004-12
10369,"2005-11-04 00:00:00",Brickhaven,S18_3136,21,94.22,1978.62,2005-01
10381,"2005-11-05 00:00:00","San Francisco",S18_3136,35,100,4288.2,2005-02
10392,"2005-11-06 00:00:00",Graz,S18_3136,29,86.92,2520.68,2005-03
10423,"2005-11-07 00:00:00",Bruxelles,S18_3136,21,84.82,1781.22,2005-05
10105,"2005-11-08 00:00:00",Kobenhavn,S18_3140,22,100,3065.04,2003-02
10117,"2005-11-09 00:00:00",Singapore,S18_3140,26,100,3551.34,2003-04
10128,"2005-11-10 00:00:00",Madrid,S18_3140,41,100,5544.02,2003-06
10142,"2005-11-11 00:00:00","San Rafael",S18_3140,47,100,6034.33,2003-08
10153,"2005-11-12 00:00:00",Madrid,S18_3140,31,100,3641.57,2003-09
10166,"2005-11-13 00:00:00","New Bedford",S18_3140,43,100,6930.74,2003-10
10177,"2005-11-14 00:00:00",Madrid,S18_3140,23,100,3675.63,2003-11
10185,"2005-11-15 00:00:00","New Bedford",S18_3140,28,100,3442.04,2003-11
10196,"2005-11-16 00:00:00","New Haven",S18_3140,49,100,6893.81,2003-11
10208,"2005-11-17 00:00:00",Lyon,S18_3140,24,100,2622.48,2004-01
10221,"2005-11-18 00:00:00",Bruxelles,S18_3140,33,100,4417.38,2004-02
10232,"2005-11-19 00:00:00",Cowes,S18_3140,22,100,3606.02,2004-03
